2026-02-04 02:54:10,638 - INFO - 
================================================================================
2026-02-04 02:54:10,639 - INFO - 🚀 Starting Batch Scenario Generation
2026-02-04 02:54:10,639 - INFO - 📁 Input file: Benchmark\ChatScene.txt
2026-02-04 02:54:10,639 - INFO - 📂 Output directory: C:\Workspace\scenario-generation-chatbot\Benchmark_Gemini_Flash_v3\ChatScene
2026-02-04 02:54:10,639 - INFO - 🗺️  Map: None
2026-02-04 02:54:10,639 - INFO - 🚗 Blueprint: None
2026-02-04 02:54:10,639 - INFO - 🌤️  Weather: None
2026-02-04 02:54:10,641 - INFO - ================================================================================

2026-02-04 02:54:10,641 - INFO - 📋 Loaded 40 scenarios from Benchmark\ChatScene.txt
2026-02-04 02:54:10,642 - INFO - 
================================================================================
2026-02-04 02:54:10,642 - INFO - 🚀 Processing Scenario 1/40
2026-02-04 02:54:10,642 - INFO - 📝 Description: The ego vehicle is driving on a straight road when a pedestrian suddenly crosses from the right front and suddenly stops as the ego vehicle approaches.
2026-02-04 02:54:10,642 - INFO - ================================================================================

2026-02-04 02:54:14,788 - INFO - Load pretrained SentenceTransformer: sentence-transformers/all-MiniLM-L6-v2
2026-02-04 02:54:17,035 - WARNING - Failed to initialize AsyncMilvusClient during Milvus initialization: <ConnectionConfigException: (code=1, message=Cannot create async connection: no running event loop. Please ensure you are running in an async context.)>. Async operations will be unavailable until AsyncMilvusClient is successfully created.
2026-02-04 02:54:17,187 - INFO - Load pretrained SentenceTransformer: sentence-transformers/all-MiniLM-L6-v2
2026-02-04 02:54:19,108 - INFO - 📁 AgentLogger initialized. Logs will be saved to: results\20260204_4890_the_ego_vehicle_is_driving
2026-02-04 02:54:27,351 - INFO - 🔍 Auto-detecting settings from user query...
2026-02-04 02:54:48,619 - INFO - ⚠️ Low confidence (0.00) in auto-detection, using defaults
2026-02-04 02:54:48,619 - INFO - 🗺️ Using default map: Town05
2026-02-04 02:54:48,619 - INFO - 🌤️ Using default weather: ClearNoon
2026-02-04 02:54:48,619 - INFO - 🚗 Using default blueprint: vehicle.lincoln.mkz_2017
2026-02-04 02:54:48,621 - INFO - 🎨 Generating Header component
2026-02-04 02:54:50,426 - INFO - 🔍 Searching for scenarios
2026-02-04 02:54:50,666 - INFO - ✅ Selected scenario: 16
2026-02-04 02:54:50,670 - INFO - 📝 Always Generate Mode: Preparing to generate all components from scratch
2026-02-04 02:54:50,670 - INFO - 🛠️ Component Ego marked for mandatory generation
2026-02-04 02:54:50,670 - INFO - 🛠️ Component Adversarials marked for mandatory generation
2026-02-04 02:54:50,671 - INFO - 🛠️ Component Spatial Relation marked for mandatory generation
2026-02-04 02:54:50,671 - INFO - 🛠️ Component Requirement and restrictions marked for mandatory generation
2026-02-04 02:54:50,672 - INFO - 🔍 Searching better matches for 4 components: ['Ego', 'Adversarials', 'Spatial Relation', 'Requirement and restrictions']
2026-02-04 02:54:50,673 - INFO -  🛠️ Processing component: Spatial Relation
2026-02-04 02:54:50,673 - INFO - 🛠️ Processing Spatial Relation
2026-02-04 02:54:50,673 - INFO - 🛠️ Generating new Spatial Relation
2026-02-04 02:55:25,779 - INFO - ✅ Generated new component: Spatial Relation (length: 466)
2026-02-04 02:55:25,780 - INFO - ✅ Generated Spatial Relation
2026-02-04 02:55:25,780 - INFO -  🛠️ Processing component: Ego
2026-02-04 02:55:25,780 - INFO - 🛠️ Processing Ego
2026-02-04 02:55:25,781 - INFO - 🛠️ Generating new Ego
2026-02-04 02:55:30,536 - INFO - ✅ Generated new component: Ego (length: 262)
2026-02-04 02:55:30,536 - INFO - ✅ Generated Ego
2026-02-04 02:55:30,536 - INFO -  🛠️ Processing component: Adversarials
2026-02-04 02:55:30,536 - INFO - 🛠️ Generating new Adversarial 1
2026-02-04 02:55:42,814 - INFO - ✅ Generated new component: Adversarial (length: 600)
2026-02-04 02:55:42,815 - INFO - ✅ Generated Adversarial 1
2026-02-04 02:55:42,815 - INFO -  🛠️ Processing component: Requirement and restrictions
2026-02-04 02:55:42,815 - INFO - 🛠️ Processing Requirement and restrictions
2026-02-04 02:55:42,815 - INFO - 🛠️ Generating new Requirement and restrictions
2026-02-04 02:57:00,582 - INFO - ✅ Generated new component: Requirement and restrictions (length: 113)
2026-02-04 02:57:00,582 - INFO - ✅ Generated Requirement and restrictions
2026-02-04 02:57:00,583 - INFO - ✅ All components processed
2026-02-04 02:57:00,584 - INFO - 🧩 Assembling scenario by concatenating components
2026-02-04 02:57:00,584 - INFO - 🔍 Available components: ['Header', 'Spatial Relation', 'Ego', 'Adversarials', 'Requirement and restrictions']
2026-02-04 02:57:00,584 - INFO - ✅ Added Header code
2026-02-04 02:57:00,584 - INFO - ✅ Added Spatial Relation code
2026-02-04 02:57:00,584 - INFO - ✅ Added Ego code
2026-02-04 02:57:00,584 - INFO - ✅ Added Adversarials code
2026-02-04 02:57:00,584 - INFO - ✅ Added Requirement and restrictions code
2026-02-04 02:57:00,585 - INFO - ==============================
2026-02-04 02:57:00,585 - INFO - SCENARIO GENERATION SUMMARY
2026-02-04 02:57:00,585 - INFO - ==============================
2026-02-04 02:57:00,586 - INFO - Total Generation Time: 2m 33.23s
2026-02-04 02:57:00,586 - INFO - 
2026-02-04 02:57:00,586 - INFO - Component Sources:
2026-02-04 02:57:00,586 - INFO - ------------------------------
2026-02-04 02:57:00,586 - INFO -   Header                         -> GENERATED
2026-02-04 02:57:00,586 - INFO -   Ego                            -> GENERATED
2026-02-04 02:57:00,586 - INFO -   Adversarials 0                 -> GENERATED
2026-02-04 02:57:00,587 - INFO -   Spatial Relation               -> GENERATED
2026-02-04 02:57:00,587 - INFO -   Requirement and restrictions   -> GENERATED
2026-02-04 02:57:00,587 - INFO - ==============================
2026-02-04 02:57:00,589 - INFO - 📊 Generation summary written to: results\20260204_4890_the_ego_vehicle_is_driving\generation_summary.json
2026-02-04 02:57:00,589 - INFO - ✅ Scenario 001: Logs -> results\20260204_4890_the_ego_vehicle_is_driving | Status: SUCCESS
2026-02-04 02:57:00,784 - INFO - 
================================================================================
2026-02-04 02:57:00,786 - INFO - 🚀 Processing Scenario 2/40
2026-02-04 02:57:00,786 - INFO - 📝 Description: The ego vehicle is driving on a straight road; the adversarial pedestrian stands behind a bus stop on the right front, then suddenly sprints out onto the road in front of the ego vehicle and stops.
2026-02-04 02:57:00,786 - INFO - ================================================================================

2026-02-04 02:57:00,799 - INFO - Load pretrained SentenceTransformer: sentence-transformers/all-MiniLM-L6-v2
2026-02-04 02:57:02,889 - WARNING - Failed to initialize AsyncMilvusClient during Milvus initialization: <ConnectionConfigException: (code=1, message=Cannot create async connection: no running event loop. Please ensure you are running in an async context.)>. Async operations will be unavailable until AsyncMilvusClient is successfully created.
2026-02-04 02:57:03,048 - INFO - Load pretrained SentenceTransformer: sentence-transformers/all-MiniLM-L6-v2
2026-02-04 02:57:05,121 - INFO - 📊 Generation summary written to: results\20260204_4890_the_ego_vehicle_is_driving\generation_summary.json
2026-02-04 02:57:05,123 - INFO - 📁 AgentLogger initialized. Logs will be saved to: results\20260204_6796_the_ego_vehicle_is_driving
2026-02-04 02:57:15,161 - INFO - 🔍 Auto-detecting settings from user query...
2026-02-04 02:57:26,849 - INFO - ⚠️ Low confidence (0.50) in auto-detection, using defaults
2026-02-04 02:57:26,849 - INFO - 🗺️ Using default map: Town05
2026-02-04 02:57:26,851 - INFO - 🌤️ Using default weather: ClearNoon
2026-02-04 02:57:26,851 - INFO - 🚗 Using default blueprint: vehicle.lincoln.mkz_2017
2026-02-04 02:57:26,853 - INFO - 🎨 Generating Header component
2026-02-04 02:57:29,010 - INFO - 🔍 Searching for scenarios
2026-02-04 02:57:29,028 - INFO - ✅ Selected scenario: chatscene_02
2026-02-04 02:57:29,031 - INFO - 📝 Always Generate Mode: Preparing to generate all components from scratch
2026-02-04 02:57:29,031 - INFO - 🛠️ Component Ego marked for mandatory generation
2026-02-04 02:57:29,031 - INFO - 🛠️ Component Adversarials marked for mandatory generation
2026-02-04 02:57:29,031 - INFO - 🛠️ Component Spatial Relation marked for mandatory generation
2026-02-04 02:57:29,031 - INFO - 🛠️ Component Requirement and restrictions marked for mandatory generation
2026-02-04 02:57:29,034 - INFO - 🔍 Searching better matches for 4 components: ['Ego', 'Adversarials', 'Spatial Relation', 'Requirement and restrictions']
2026-02-04 02:57:29,035 - INFO -  🛠️ Processing component: Spatial Relation
2026-02-04 02:57:29,035 - INFO - 🛠️ Processing Spatial Relation
2026-02-04 02:57:29,035 - INFO - 🛠️ Generating new Spatial Relation
2026-02-04 02:57:44,655 - INFO - ✅ Generated new component: Spatial Relation (length: 856)
2026-02-04 02:57:44,655 - INFO - ✅ Generated Spatial Relation
2026-02-04 02:57:44,655 - INFO -  🛠️ Processing component: Ego
2026-02-04 02:57:44,655 - INFO - 🛠️ Processing Ego
2026-02-04 02:57:44,656 - INFO - 🛠️ Generating new Ego
2026-02-04 02:57:48,655 - INFO - ✅ Generated new component: Ego (length: 253)
2026-02-04 02:57:48,655 - INFO - ✅ Generated Ego
2026-02-04 02:57:48,655 - INFO -  🛠️ Processing component: Adversarials
2026-02-04 02:57:48,655 - INFO - 🛠️ Generating new Adversarial 1
2026-02-04 02:58:53,748 - INFO - ✅ Generated new component: Adversarial (length: 649)
2026-02-04 02:58:53,750 - INFO - ✅ Generated Adversarial 1
2026-02-04 02:58:53,750 - INFO - 🛠️ Generating new Adversarial 2
2026-02-04 02:59:08,566 - INFO - ✅ Generated new component: Adversarial (length: 107)
2026-02-04 02:59:08,566 - INFO - ✅ Generated Adversarial 2
2026-02-04 02:59:08,567 - INFO -  🛠️ Processing component: Requirement and restrictions
2026-02-04 02:59:08,567 - INFO - 🛠️ Processing Requirement and restrictions
2026-02-04 02:59:08,567 - INFO - 🛠️ Generating new Requirement and restrictions
2026-02-04 02:59:59,350 - INFO - ✅ Generated new component: Requirement and restrictions (length: 354)
2026-02-04 02:59:59,351 - INFO - ✅ Generated Requirement and restrictions
2026-02-04 02:59:59,351 - INFO - ✅ All components processed
2026-02-04 02:59:59,352 - INFO - 🧩 Assembling scenario by concatenating components
2026-02-04 02:59:59,352 - INFO - 🔍 Available components: ['Header', 'Spatial Relation', 'Ego', 'Adversarials', 'Requirement and restrictions']
2026-02-04 02:59:59,352 - INFO - ✅ Added Header code
2026-02-04 02:59:59,354 - INFO - ✅ Added Spatial Relation code
2026-02-04 02:59:59,354 - INFO - ✅ Added Ego code
2026-02-04 02:59:59,354 - INFO - ✅ Added Adversarials code
2026-02-04 02:59:59,354 - INFO - ✅ Added Adversarials code
2026-02-04 02:59:59,354 - INFO - ✅ Added Requirement and restrictions code
2026-02-04 02:59:59,354 - INFO - ==============================
2026-02-04 02:59:59,354 - INFO - SCENARIO GENERATION SUMMARY
2026-02-04 02:59:59,355 - INFO - ==============================
2026-02-04 02:59:59,355 - INFO - Total Generation Time: 2m 44.19s
2026-02-04 02:59:59,355 - INFO - 
2026-02-04 02:59:59,355 - INFO - Component Sources:
2026-02-04 02:59:59,355 - INFO - ------------------------------
2026-02-04 02:59:59,355 - INFO -   Header                         -> GENERATED
2026-02-04 02:59:59,355 - INFO -   Ego                            -> GENERATED
2026-02-04 02:59:59,356 - INFO -   Adversarials 0                 -> GENERATED
2026-02-04 02:59:59,356 - INFO -   Adversarials 1                 -> GENERATED
2026-02-04 02:59:59,356 - INFO -   Spatial Relation               -> GENERATED
2026-02-04 02:59:59,356 - INFO -   Requirement and restrictions   -> GENERATED
2026-02-04 02:59:59,356 - INFO - ==============================
2026-02-04 02:59:59,370 - INFO - 📊 Generation summary written to: results\20260204_6796_the_ego_vehicle_is_driving\generation_summary.json
2026-02-04 02:59:59,370 - INFO - ✅ Scenario 002: Logs -> results\20260204_6796_the_ego_vehicle_is_driving | Status: SUCCESS
2026-02-04 02:59:59,583 - INFO - 
================================================================================
2026-02-04 02:59:59,583 - INFO - 🚀 Processing Scenario 3/40
2026-02-04 02:59:59,584 - INFO - 📝 Description: The ego vehicle is driving on a straight road; the adversarial pedestrian is hidden behind a vending machine on the right front, and abruptly dashes out onto the road, and stops directly in the path of the ego.
2026-02-04 02:59:59,584 - INFO - ================================================================================

2026-02-04 02:59:59,604 - INFO - Load pretrained SentenceTransformer: sentence-transformers/all-MiniLM-L6-v2
2026-02-04 03:00:01,756 - WARNING - Failed to initialize AsyncMilvusClient during Milvus initialization: <ConnectionConfigException: (code=1, message=Cannot create async connection: no running event loop. Please ensure you are running in an async context.)>. Async operations will be unavailable until AsyncMilvusClient is successfully created.
2026-02-04 03:00:01,909 - INFO - Load pretrained SentenceTransformer: sentence-transformers/all-MiniLM-L6-v2
2026-02-04 03:00:03,993 - INFO - 📊 Generation summary written to: results\20260204_6796_the_ego_vehicle_is_driving\generation_summary.json
2026-02-04 03:00:03,995 - INFO - 📁 AgentLogger initialized. Logs will be saved to: results\20260204_3294_the_ego_vehicle_is_driving
2026-02-04 03:00:08,534 - INFO - 🔍 Auto-detecting settings from user query...
2026-02-04 03:00:24,292 - INFO - ⚠️ Low confidence (0.40) in auto-detection, using defaults
2026-02-04 03:00:24,293 - INFO - 🗺️ Using default map: Town05
2026-02-04 03:00:24,293 - INFO - 🌤️ Using default weather: ClearNoon
2026-02-04 03:00:24,293 - INFO - 🚗 Using default blueprint: vehicle.lincoln.mkz_2017
2026-02-04 03:00:24,295 - INFO - 🎨 Generating Header component
2026-02-04 03:00:26,364 - INFO - 🔍 Searching for scenarios
2026-02-04 03:00:26,383 - INFO - ✅ Selected scenario: chatscene_13
2026-02-04 03:00:26,387 - INFO - 📝 Always Generate Mode: Preparing to generate all components from scratch
2026-02-04 03:00:26,387 - INFO - 🛠️ Component Ego marked for mandatory generation
2026-02-04 03:00:26,387 - INFO - 🛠️ Component Adversarials marked for mandatory generation
2026-02-04 03:00:26,388 - INFO - 🛠️ Component Spatial Relation marked for mandatory generation
2026-02-04 03:00:26,388 - INFO - 🛠️ Component Requirement and restrictions marked for mandatory generation
2026-02-04 03:00:26,389 - INFO - 🔍 Searching better matches for 4 components: ['Ego', 'Adversarials', 'Spatial Relation', 'Requirement and restrictions']
2026-02-04 03:00:26,390 - INFO -  🛠️ Processing component: Spatial Relation
2026-02-04 03:00:26,390 - INFO - 🛠️ Processing Spatial Relation
2026-02-04 03:00:26,390 - INFO - 🛠️ Generating new Spatial Relation
2026-02-04 03:00:58,547 - INFO - ✅ Generated new component: Spatial Relation (length: 540)
2026-02-04 03:00:58,547 - INFO - ✅ Generated Spatial Relation
2026-02-04 03:00:58,547 - INFO -  🛠️ Processing component: Ego
2026-02-04 03:00:58,547 - INFO - 🛠️ Processing Ego
2026-02-04 03:00:58,547 - INFO - 🛠️ Generating new Ego
2026-02-04 03:01:05,694 - INFO - ✅ Generated new component: Ego (length: 262)
2026-02-04 03:01:05,694 - INFO - ✅ Generated Ego
2026-02-04 03:01:05,694 - INFO -  🛠️ Processing component: Adversarials
2026-02-04 03:01:05,694 - INFO - 🛠️ Generating new Adversarial 1
2026-02-04 03:01:46,103 - INFO - ✅ Generated new component: Adversarial (length: 605)
2026-02-04 03:01:46,103 - INFO - ✅ Generated Adversarial 1
2026-02-04 03:01:46,104 - INFO - 🛠️ Generating new Adversarial 2
2026-02-04 03:02:07,925 - INFO - ✅ Generated new component: Adversarial (length: 141)
2026-02-04 03:02:07,925 - INFO - ✅ Generated Adversarial 2
2026-02-04 03:02:07,925 - INFO -  🛠️ Processing component: Requirement and restrictions
2026-02-04 03:02:07,925 - INFO - 🛠️ Processing Requirement and restrictions
2026-02-04 03:02:07,925 - INFO - 🛠️ Generating new Requirement and restrictions
2026-02-04 03:02:26,340 - INFO - ✅ Generated new component: Requirement and restrictions (length: 131)
2026-02-04 03:02:26,340 - INFO - ✅ Generated Requirement and restrictions
2026-02-04 03:02:26,341 - INFO - ✅ All components processed
2026-02-04 03:02:26,342 - INFO - 🧩 Assembling scenario by concatenating components
2026-02-04 03:02:26,343 - INFO - 🔍 Available components: ['Header', 'Spatial Relation', 'Ego', 'Adversarials', 'Requirement and restrictions']
2026-02-04 03:02:26,343 - INFO - ✅ Added Header code
2026-02-04 03:02:26,344 - INFO - ✅ Added Spatial Relation code
2026-02-04 03:02:26,344 - INFO - ✅ Added Ego code
2026-02-04 03:02:26,344 - INFO - ✅ Added Adversarials code
2026-02-04 03:02:26,344 - INFO - ✅ Added Adversarials code
2026-02-04 03:02:26,344 - INFO - ✅ Added Requirement and restrictions code
2026-02-04 03:02:26,345 - INFO - ==============================
2026-02-04 03:02:26,345 - INFO - SCENARIO GENERATION SUMMARY
2026-02-04 03:02:26,345 - INFO - ==============================
2026-02-04 03:02:26,345 - INFO - Total Generation Time: 2m 17.81s
2026-02-04 03:02:26,345 - INFO - 
2026-02-04 03:02:26,345 - INFO - Component Sources:
2026-02-04 03:02:26,345 - INFO - ------------------------------
2026-02-04 03:02:26,345 - INFO -   Header                         -> GENERATED
2026-02-04 03:02:26,347 - INFO -   Ego                            -> GENERATED
2026-02-04 03:02:26,347 - INFO -   Adversarials 0                 -> GENERATED
2026-02-04 03:02:26,347 - INFO -   Adversarials 1                 -> GENERATED
2026-02-04 03:02:26,348 - INFO -   Spatial Relation               -> GENERATED
2026-02-04 03:02:26,348 - INFO -   Requirement and restrictions   -> GENERATED
2026-02-04 03:02:26,348 - INFO - ==============================
2026-02-04 03:02:26,351 - INFO - 📊 Generation summary written to: results\20260204_3294_the_ego_vehicle_is_driving\generation_summary.json
2026-02-04 03:02:26,352 - INFO - ✅ Scenario 003: Logs -> results\20260204_3294_the_ego_vehicle_is_driving | Status: SUCCESS
2026-02-04 03:02:26,546 - INFO - 
================================================================================
2026-02-04 03:02:26,546 - INFO - 🚀 Processing Scenario 4/40
2026-02-04 03:02:26,546 - INFO - 📝 Description: The ego vehicle is driving on a straight road; the adversarial pedestrian appears from a driveway on the left and suddenly stop and walk diagonally.
2026-02-04 03:02:26,547 - INFO - ================================================================================

2026-02-04 03:02:26,559 - INFO - Load pretrained SentenceTransformer: sentence-transformers/all-MiniLM-L6-v2
2026-02-04 03:02:28,667 - WARNING - Failed to initialize AsyncMilvusClient during Milvus initialization: <ConnectionConfigException: (code=1, message=Cannot create async connection: no running event loop. Please ensure you are running in an async context.)>. Async operations will be unavailable until AsyncMilvusClient is successfully created.
2026-02-04 03:02:28,821 - INFO - Load pretrained SentenceTransformer: sentence-transformers/all-MiniLM-L6-v2
2026-02-04 03:02:30,913 - INFO - 📊 Generation summary written to: results\20260204_3294_the_ego_vehicle_is_driving\generation_summary.json
2026-02-04 03:02:30,915 - INFO - 📁 AgentLogger initialized. Logs will be saved to: results\20260204_9839_the_ego_vehicle_is_driving
2026-02-04 03:02:35,452 - INFO - 🔍 Auto-detecting settings from user query...
2026-02-04 03:02:48,660 - INFO - ⚠️ Low confidence (0.40) in auto-detection, using defaults
2026-02-04 03:02:48,660 - INFO - 🗺️ Using default map: Town05
2026-02-04 03:02:48,660 - INFO - 🌤️ Using default weather: ClearNoon
2026-02-04 03:02:48,661 - INFO - 🚗 Using default blueprint: vehicle.lincoln.mkz_2017
2026-02-04 03:02:48,663 - INFO - 🎨 Generating Header component
2026-02-04 03:02:50,650 - INFO - 🔍 Searching for scenarios
2026-02-04 03:02:50,667 - INFO - ✅ Selected scenario: chatscene_24
2026-02-04 03:02:50,670 - INFO - 📝 Always Generate Mode: Preparing to generate all components from scratch
2026-02-04 03:02:50,670 - INFO - 🛠️ Component Ego marked for mandatory generation
2026-02-04 03:02:50,671 - INFO - 🛠️ Component Adversarials marked for mandatory generation
2026-02-04 03:02:50,671 - INFO - 🛠️ Component Spatial Relation marked for mandatory generation
2026-02-04 03:02:50,671 - INFO - 🛠️ Component Requirement and restrictions marked for mandatory generation
2026-02-04 03:02:50,672 - INFO - 🔍 Searching better matches for 4 components: ['Ego', 'Adversarials', 'Spatial Relation', 'Requirement and restrictions']
2026-02-04 03:02:50,673 - INFO -  🛠️ Processing component: Spatial Relation
2026-02-04 03:02:50,674 - INFO - 🛠️ Processing Spatial Relation
2026-02-04 03:02:50,674 - INFO - 🛠️ Generating new Spatial Relation
2026-02-04 03:03:50,452 - INFO - ✅ Generated new component: Spatial Relation (length: 457)
2026-02-04 03:03:50,452 - INFO - ✅ Generated Spatial Relation
2026-02-04 03:03:50,452 - INFO -  🛠️ Processing component: Ego
2026-02-04 03:03:50,452 - INFO - 🛠️ Processing Ego
2026-02-04 03:03:50,452 - INFO - 🛠️ Generating new Ego
2026-02-04 03:03:54,816 - INFO - ✅ Generated new component: Ego (length: 262)
2026-02-04 03:03:54,820 - INFO - ✅ Generated Ego
2026-02-04 03:03:54,821 - INFO -  🛠️ Processing component: Adversarials
2026-02-04 03:03:54,822 - INFO - 🛠️ Generating new Adversarial 1
2026-02-04 03:04:51,336 - INFO - ✅ Generated new component: Adversarial (length: 646)
2026-02-04 03:04:51,336 - INFO - ✅ Generated Adversarial 1
2026-02-04 03:04:51,338 - INFO -  🛠️ Processing component: Requirement and restrictions
2026-02-04 03:04:51,338 - INFO - 🛠️ Processing Requirement and restrictions
2026-02-04 03:04:51,338 - INFO - 🛠️ Generating new Requirement and restrictions
2026-02-04 03:06:13,271 - INFO - ✅ Generated new component: Requirement and restrictions (length: 379)
2026-02-04 03:06:13,271 - INFO - ✅ Generated Requirement and restrictions
2026-02-04 03:06:13,272 - INFO - ✅ All components processed
2026-02-04 03:06:13,273 - INFO - 🧩 Assembling scenario by concatenating components
2026-02-04 03:06:13,273 - INFO - 🔍 Available components: ['Header', 'Spatial Relation', 'Ego', 'Adversarials', 'Requirement and restrictions']
2026-02-04 03:06:13,273 - INFO - ✅ Added Header code
2026-02-04 03:06:13,273 - INFO - ✅ Added Spatial Relation code
2026-02-04 03:06:13,273 - INFO - ✅ Added Ego code
2026-02-04 03:06:13,273 - INFO - ✅ Added Adversarials code
2026-02-04 03:06:13,273 - INFO - ✅ Added Requirement and restrictions code
2026-02-04 03:06:13,274 - INFO - ==============================
2026-02-04 03:06:13,274 - INFO - SCENARIO GENERATION SUMMARY
2026-02-04 03:06:13,274 - INFO - ==============================
2026-02-04 03:06:13,274 - INFO - Total Generation Time: 3m 37.82s
2026-02-04 03:06:13,274 - INFO - 
2026-02-04 03:06:13,274 - INFO - Component Sources:
2026-02-04 03:06:13,275 - INFO - ------------------------------
2026-02-04 03:06:13,275 - INFO -   Header                         -> GENERATED
2026-02-04 03:06:13,275 - INFO -   Ego                            -> GENERATED
2026-02-04 03:06:13,275 - INFO -   Adversarials 0                 -> GENERATED
2026-02-04 03:06:13,275 - INFO -   Spatial Relation               -> GENERATED
2026-02-04 03:06:13,275 - INFO -   Requirement and restrictions   -> GENERATED
2026-02-04 03:06:13,275 - INFO - ==============================
2026-02-04 03:06:13,279 - INFO - 📊 Generation summary written to: results\20260204_9839_the_ego_vehicle_is_driving\generation_summary.json
2026-02-04 03:06:13,279 - INFO - ✅ Scenario 004: Logs -> results\20260204_9839_the_ego_vehicle_is_driving | Status: SUCCESS
2026-02-04 03:06:13,462 - INFO - 
================================================================================
2026-02-04 03:06:13,463 - INFO - 🚀 Processing Scenario 5/40
2026-02-04 03:06:13,463 - INFO - 📝 Description: The ego vehicle is driving on a straight road; the adversarial pedestrian suddenly appears from behind a parked car on the right front and suddenly stop.
2026-02-04 03:06:13,463 - INFO - ================================================================================

2026-02-04 03:06:13,476 - INFO - Load pretrained SentenceTransformer: sentence-transformers/all-MiniLM-L6-v2
2026-02-04 03:06:15,558 - WARNING - Failed to initialize AsyncMilvusClient during Milvus initialization: <ConnectionConfigException: (code=1, message=Cannot create async connection: no running event loop. Please ensure you are running in an async context.)>. Async operations will be unavailable until AsyncMilvusClient is successfully created.
2026-02-04 03:06:15,710 - INFO - Load pretrained SentenceTransformer: sentence-transformers/all-MiniLM-L6-v2
2026-02-04 03:06:17,757 - INFO - 📊 Generation summary written to: results\20260204_9839_the_ego_vehicle_is_driving\generation_summary.json
2026-02-04 03:06:17,759 - INFO - 📁 AgentLogger initialized. Logs will be saved to: results\20260204_5325_the_ego_vehicle_is_driving
2026-02-04 03:06:24,978 - INFO - 🔍 Auto-detecting settings from user query...
2026-02-04 03:06:36,024 - INFO - ⚠️ Low confidence (0.40) in auto-detection, using defaults
2026-02-04 03:06:36,025 - INFO - 🗺️ Using default map: Town05
2026-02-04 03:06:36,025 - INFO - 🌤️ Using default weather: ClearNoon
2026-02-04 03:06:36,025 - INFO - 🚗 Using default blueprint: vehicle.lincoln.mkz_2017
2026-02-04 03:06:36,028 - INFO - 🎨 Generating Header component
2026-02-04 03:06:38,608 - INFO - 🔍 Searching for scenarios
2026-02-04 03:06:38,628 - INFO - ✅ Selected scenario: chatscene_35
2026-02-04 03:06:38,632 - INFO - 📝 Always Generate Mode: Preparing to generate all components from scratch
2026-02-04 03:06:38,633 - INFO - 🛠️ Component Ego marked for mandatory generation
2026-02-04 03:06:38,633 - INFO - 🛠️ Component Adversarials marked for mandatory generation
2026-02-04 03:06:38,633 - INFO - 🛠️ Component Spatial Relation marked for mandatory generation
2026-02-04 03:06:38,634 - INFO - 🛠️ Component Requirement and restrictions marked for mandatory generation
2026-02-04 03:06:38,635 - INFO - 🔍 Searching better matches for 4 components: ['Ego', 'Adversarials', 'Spatial Relation', 'Requirement and restrictions']
2026-02-04 03:06:38,636 - INFO -  🛠️ Processing component: Spatial Relation
2026-02-04 03:06:38,637 - INFO - 🛠️ Processing Spatial Relation
2026-02-04 03:06:38,637 - INFO - 🛠️ Generating new Spatial Relation
2026-02-04 03:07:05,840 - INFO - ✅ Generated new component: Spatial Relation (length: 625)
2026-02-04 03:07:05,840 - INFO - ✅ Generated Spatial Relation
2026-02-04 03:07:05,840 - INFO -  🛠️ Processing component: Ego
2026-02-04 03:07:05,841 - INFO - 🛠️ Processing Ego
2026-02-04 03:07:05,841 - INFO - 🛠️ Generating new Ego
2026-02-04 03:07:15,117 - INFO - ✅ Generated new component: Ego (length: 454)
2026-02-04 03:07:15,118 - INFO - ✅ Generated Ego
2026-02-04 03:07:15,118 - INFO -  🛠️ Processing component: Adversarials
2026-02-04 03:07:15,118 - INFO - 🛠️ Generating new Adversarial 1
2026-02-04 03:08:05,005 - INFO - ✅ Generated new component: Adversarial (length: 690)
2026-02-04 03:08:05,006 - INFO - ✅ Generated Adversarial 1
2026-02-04 03:08:05,006 - INFO - 🛠️ Generating new Adversarial 2
2026-02-04 03:08:11,905 - INFO - ✅ Generated new component: Adversarial (length: 65)
2026-02-04 03:08:11,905 - INFO - ✅ Generated Adversarial 2
2026-02-04 03:08:11,905 - INFO -  🛠️ Processing component: Requirement and restrictions
2026-02-04 03:08:11,905 - INFO - 🛠️ Processing Requirement and restrictions
2026-02-04 03:08:11,905 - INFO - 🛠️ Generating new Requirement and restrictions
2026-02-04 03:08:53,668 - INFO - ✅ Generated new component: Requirement and restrictions (length: 359)
2026-02-04 03:08:53,668 - INFO - ✅ Generated Requirement and restrictions
2026-02-04 03:08:53,669 - INFO - ✅ All components processed
2026-02-04 03:08:53,670 - INFO - 🧩 Assembling scenario by concatenating components
2026-02-04 03:08:53,670 - INFO - 🔍 Available components: ['Header', 'Spatial Relation', 'Ego', 'Adversarials', 'Requirement and restrictions']
2026-02-04 03:08:53,670 - INFO - ✅ Added Header code
2026-02-04 03:08:53,670 - INFO - ✅ Added Spatial Relation code
2026-02-04 03:08:53,670 - INFO - ✅ Added Ego code
2026-02-04 03:08:53,671 - INFO - ✅ Added Adversarials code
2026-02-04 03:08:53,671 - INFO - ✅ Added Adversarials code
2026-02-04 03:08:53,671 - INFO - ✅ Added Requirement and restrictions code
2026-02-04 03:08:53,671 - INFO - ==============================
2026-02-04 03:08:53,671 - INFO - SCENARIO GENERATION SUMMARY
2026-02-04 03:08:53,671 - INFO - ==============================
2026-02-04 03:08:53,671 - INFO - Total Generation Time: 2m 28.69s
2026-02-04 03:08:53,672 - INFO - 
2026-02-04 03:08:53,672 - INFO - Component Sources:
2026-02-04 03:08:53,672 - INFO - ------------------------------
2026-02-04 03:08:53,672 - INFO -   Header                         -> GENERATED
2026-02-04 03:08:53,672 - INFO -   Ego                            -> GENERATED
2026-02-04 03:08:53,672 - INFO -   Adversarials 0                 -> GENERATED
2026-02-04 03:08:53,672 - INFO -   Adversarials 1                 -> GENERATED
2026-02-04 03:08:53,673 - INFO -   Spatial Relation               -> GENERATED
2026-02-04 03:08:53,673 - INFO -   Requirement and restrictions   -> GENERATED
2026-02-04 03:08:53,673 - INFO - ==============================
2026-02-04 03:08:53,676 - INFO - 📊 Generation summary written to: results\20260204_5325_the_ego_vehicle_is_driving\generation_summary.json
2026-02-04 03:08:53,677 - INFO - ✅ Scenario 005: Logs -> results\20260204_5325_the_ego_vehicle_is_driving | Status: SUCCESS
2026-02-04 03:08:53,871 - INFO - 
================================================================================
2026-02-04 03:08:53,871 - INFO - 🚀 Processing Scenario 6/40
2026-02-04 03:08:53,871 - INFO - 📝 Description: The ego vehicle is turning left at an intersection; the adversarial motorcyclist on the right front pretends to cross the road but brakes abruptly at the edge of the road, causing confusion.
2026-02-04 03:08:53,872 - INFO - ================================================================================

2026-02-04 03:08:53,886 - INFO - Load pretrained SentenceTransformer: sentence-transformers/all-MiniLM-L6-v2
2026-02-04 03:08:56,024 - WARNING - Failed to initialize AsyncMilvusClient during Milvus initialization: <ConnectionConfigException: (code=1, message=Cannot create async connection: no running event loop. Please ensure you are running in an async context.)>. Async operations will be unavailable until AsyncMilvusClient is successfully created.
2026-02-04 03:08:56,178 - INFO - Load pretrained SentenceTransformer: sentence-transformers/all-MiniLM-L6-v2
2026-02-04 03:08:58,208 - INFO - 📊 Generation summary written to: results\20260204_5325_the_ego_vehicle_is_driving\generation_summary.json
2026-02-04 03:08:58,209 - INFO - 📁 AgentLogger initialized. Logs will be saved to: results\20260204_9656_the_ego_vehicle_is_turning
2026-02-04 03:09:02,104 - INFO - 🔍 Auto-detecting settings from user query...
2026-02-04 03:09:15,494 - INFO - 🗺️ Auto-detected map: Town05 (confidence: 0.70)
2026-02-04 03:09:15,494 - INFO -    Reasoning: The query explicitly mentions an 'intersection' and a 'motorcyclist'. Map type is set to 'intersection' (Town05) and the blueprint is set to 'vehicle.yamaha.yzf'. No weather is mentioned, so it is null. Time of day defaults to 'noon' as per the rules.
2026-02-04 03:09:15,494 - INFO - 🚗 Auto-detected blueprint: vehicle.yamaha.yzf (confidence: 0.70)
2026-02-04 03:09:15,495 - INFO -    Reasoning: The query explicitly mentions an 'intersection' and a 'motorcyclist'. Map type is set to 'intersection' (Town05) and the blueprint is set to 'vehicle.yamaha.yzf'. No weather is mentioned, so it is null. Time of day defaults to 'noon' as per the rules.
2026-02-04 03:09:15,495 - INFO - 🌤️ Using default weather: ClearNoon
2026-02-04 03:09:15,497 - INFO - 🎨 Generating Header component
2026-02-04 03:09:18,443 - INFO - 🔍 Searching for scenarios
2026-02-04 03:09:18,460 - INFO - ✅ Selected scenario: chatscene_36
2026-02-04 03:09:18,464 - INFO - 📝 Always Generate Mode: Preparing to generate all components from scratch
2026-02-04 03:09:18,464 - INFO - 🛠️ Component Ego marked for mandatory generation
2026-02-04 03:09:18,464 - INFO - 🛠️ Component Adversarials marked for mandatory generation
2026-02-04 03:09:18,464 - INFO - 🛠️ Component Spatial Relation marked for mandatory generation
2026-02-04 03:09:18,465 - INFO - 🛠️ Component Requirement and restrictions marked for mandatory generation
2026-02-04 03:09:18,466 - INFO - 🔍 Searching better matches for 4 components: ['Ego', 'Adversarials', 'Spatial Relation', 'Requirement and restrictions']
2026-02-04 03:09:18,467 - INFO -  🛠️ Processing component: Spatial Relation
2026-02-04 03:09:18,467 - INFO - 🛠️ Processing Spatial Relation
2026-02-04 03:09:18,467 - INFO - 🛠️ Generating new Spatial Relation
2026-02-04 03:10:15,221 - INFO - ✅ Generated new component: Spatial Relation (length: 843)
2026-02-04 03:10:15,221 - INFO - ✅ Generated Spatial Relation
2026-02-04 03:10:15,221 - INFO -  🛠️ Processing component: Ego
2026-02-04 03:10:15,221 - INFO - 🛠️ Processing Ego
2026-02-04 03:10:15,222 - INFO - 🛠️ Generating new Ego
2026-02-04 03:10:34,846 - INFO - ✅ Generated new component: Ego (length: 262)
2026-02-04 03:10:34,846 - INFO - ✅ Generated Ego
2026-02-04 03:10:34,846 - INFO -  🛠️ Processing component: Adversarials
2026-02-04 03:10:34,846 - INFO - 🛠️ Generating new Adversarial 1
2026-02-04 03:11:38,400 - INFO - ✅ Generated new component: Adversarial (length: 610)
2026-02-04 03:11:38,400 - INFO - ✅ Generated Adversarial 1
2026-02-04 03:11:38,401 - INFO -  🛠️ Processing component: Requirement and restrictions
2026-02-04 03:11:38,401 - INFO - 🛠️ Processing Requirement and restrictions
2026-02-04 03:11:38,401 - INFO - 🛠️ Generating new Requirement and restrictions
2026-02-04 03:12:15,694 - INFO - ✅ Generated new component: Requirement and restrictions (length: 438)
2026-02-04 03:12:15,695 - INFO - ✅ Generated Requirement and restrictions
2026-02-04 03:12:15,695 - INFO - ✅ All components processed
2026-02-04 03:12:15,696 - INFO - 🧩 Assembling scenario by concatenating components
2026-02-04 03:12:15,697 - INFO - 🔍 Available components: ['Header', 'Spatial Relation', 'Ego', 'Adversarials', 'Requirement and restrictions']
2026-02-04 03:12:15,697 - INFO - ✅ Added Header code
2026-02-04 03:12:15,697 - INFO - ✅ Added Spatial Relation code
2026-02-04 03:12:15,697 - INFO - ✅ Added Ego code
2026-02-04 03:12:15,697 - INFO - ✅ Added Adversarials code
2026-02-04 03:12:15,697 - INFO - ✅ Added Requirement and restrictions code
2026-02-04 03:12:15,698 - INFO - ==============================
2026-02-04 03:12:15,698 - INFO - SCENARIO GENERATION SUMMARY
2026-02-04 03:12:15,698 - INFO - ==============================
2026-02-04 03:12:15,698 - INFO - Total Generation Time: 3m 13.59s
2026-02-04 03:12:15,698 - INFO - 
2026-02-04 03:12:15,698 - INFO - Component Sources:
2026-02-04 03:12:15,699 - INFO - ------------------------------
2026-02-04 03:12:15,699 - INFO -   Header                         -> GENERATED
2026-02-04 03:12:15,699 - INFO -   Ego                            -> GENERATED
2026-02-04 03:12:15,699 - INFO -   Adversarials 0                 -> GENERATED
2026-02-04 03:12:15,699 - INFO -   Spatial Relation               -> GENERATED
2026-02-04 03:12:15,699 - INFO -   Requirement and restrictions   -> GENERATED
2026-02-04 03:12:15,700 - INFO - ==============================
2026-02-04 03:12:15,703 - INFO - 📊 Generation summary written to: results\20260204_9656_the_ego_vehicle_is_turning\generation_summary.json
2026-02-04 03:12:15,704 - INFO - ✅ Scenario 006: Logs -> results\20260204_9656_the_ego_vehicle_is_turning | Status: SUCCESS
2026-02-04 03:12:15,892 - INFO - 
================================================================================
2026-02-04 03:12:15,892 - INFO - 🚀 Processing Scenario 7/40
2026-02-04 03:12:15,892 - INFO - 📝 Description: The ego vehicle is turning left at an intersection; the adversarial pedestrian on the opposite sidewalk suddenly crosses the road from the right front and stops in the middle of the intersection.
2026-02-04 03:12:15,892 - INFO - ================================================================================

2026-02-04 03:12:15,906 - INFO - Load pretrained SentenceTransformer: sentence-transformers/all-MiniLM-L6-v2
2026-02-04 03:12:17,990 - WARNING - Failed to initialize AsyncMilvusClient during Milvus initialization: <ConnectionConfigException: (code=1, message=Cannot create async connection: no running event loop. Please ensure you are running in an async context.)>. Async operations will be unavailable until AsyncMilvusClient is successfully created.
2026-02-04 03:12:18,146 - INFO - Load pretrained SentenceTransformer: sentence-transformers/all-MiniLM-L6-v2
2026-02-04 03:12:20,164 - INFO - 📊 Generation summary written to: results\20260204_9656_the_ego_vehicle_is_turning\generation_summary.json
2026-02-04 03:12:20,165 - INFO - 📁 AgentLogger initialized. Logs will be saved to: results\20260204_2913_the_ego_vehicle_is_turning
2026-02-04 03:12:25,578 - INFO - 🔍 Auto-detecting settings from user query...
2026-02-04 03:12:43,901 - INFO - 🗺️ Auto-detected map: Town05 (confidence: 0.70)
2026-02-04 03:12:43,901 - INFO -    Reasoning: The query explicitly mentions an 'intersection' and 'turning left', which maps directly to Town05. No specific weather conditions or vehicle models were mentioned, so the default time of day (noon) and default ego vehicle (lincoln) were used according to the rules.
2026-02-04 03:12:43,901 - INFO - 🚗 Auto-detected blueprint: vehicle.lincoln.mkz_2017 (confidence: 0.70)
2026-02-04 03:12:43,902 - INFO -    Reasoning: The query explicitly mentions an 'intersection' and 'turning left', which maps directly to Town05. No specific weather conditions or vehicle models were mentioned, so the default time of day (noon) and default ego vehicle (lincoln) were used according to the rules.
2026-02-04 03:12:43,902 - INFO - 🌤️ Using default weather: ClearNoon
2026-02-04 03:12:43,905 - INFO - 🎨 Generating Header component
2026-02-04 03:12:45,692 - INFO - 🔍 Searching for scenarios
2026-02-04 03:12:45,707 - INFO - ✅ Selected scenario: 80
2026-02-04 03:12:45,711 - INFO - 📝 Always Generate Mode: Preparing to generate all components from scratch
2026-02-04 03:12:45,711 - INFO - 🛠️ Component Ego marked for mandatory generation
2026-02-04 03:12:45,712 - INFO - 🛠️ Component Adversarials marked for mandatory generation
2026-02-04 03:12:45,712 - INFO - 🛠️ Component Spatial Relation marked for mandatory generation
2026-02-04 03:12:45,712 - INFO - 🛠️ Component Requirement and restrictions marked for mandatory generation
2026-02-04 03:12:45,713 - INFO - 🔍 Searching better matches for 4 components: ['Ego', 'Adversarials', 'Spatial Relation', 'Requirement and restrictions']
2026-02-04 03:12:45,714 - INFO -  🛠️ Processing component: Spatial Relation
2026-02-04 03:12:45,715 - INFO - 🛠️ Processing Spatial Relation
2026-02-04 03:12:45,715 - INFO - 🛠️ Generating new Spatial Relation
2026-02-04 03:15:05,642 - INFO - ✅ Generated new component: Spatial Relation (length: 645)
2026-02-04 03:15:05,642 - INFO - ✅ Generated Spatial Relation
2026-02-04 03:15:05,643 - INFO -  🛠️ Processing component: Ego
2026-02-04 03:15:05,643 - INFO - 🛠️ Processing Ego
2026-02-04 03:15:05,643 - INFO - 🛠️ Generating new Ego
2026-02-04 03:15:09,558 - INFO - ✅ Generated new component: Ego (length: 262)
2026-02-04 03:15:09,558 - INFO - ✅ Generated Ego
2026-02-04 03:15:09,558 - INFO -  🛠️ Processing component: Adversarials
2026-02-04 03:15:09,558 - INFO - 🛠️ Generating new Adversarial 1
2026-02-04 03:16:31,673 - INFO - ✅ Generated new component: Adversarial (length: 553)
2026-02-04 03:16:31,673 - INFO - ✅ Generated Adversarial 1
2026-02-04 03:16:31,673 - INFO -  🛠️ Processing component: Requirement and restrictions
2026-02-04 03:16:31,673 - INFO - 🛠️ Processing Requirement and restrictions
2026-02-04 03:16:31,674 - INFO - 🛠️ Generating new Requirement and restrictions
2026-02-04 03:17:09,703 - INFO - ✅ Generated new component: Requirement and restrictions (length: 424)
2026-02-04 03:17:09,703 - INFO - ✅ Generated Requirement and restrictions
2026-02-04 03:17:09,704 - INFO - ✅ All components processed
2026-02-04 03:17:09,705 - INFO - 🧩 Assembling scenario by concatenating components
2026-02-04 03:17:09,705 - INFO - 🔍 Available components: ['Header', 'Spatial Relation', 'Ego', 'Adversarials', 'Requirement and restrictions']
2026-02-04 03:17:09,705 - INFO - ✅ Added Header code
2026-02-04 03:17:09,705 - INFO - ✅ Added Spatial Relation code
2026-02-04 03:17:09,705 - INFO - ✅ Added Ego code
2026-02-04 03:17:09,705 - INFO - ✅ Added Adversarials code
2026-02-04 03:17:09,705 - INFO - ✅ Added Requirement and restrictions code
2026-02-04 03:17:09,705 - INFO - ==============================
2026-02-04 03:17:09,705 - INFO - SCENARIO GENERATION SUMMARY
2026-02-04 03:17:09,706 - INFO - ==============================
2026-02-04 03:17:09,706 - INFO - Total Generation Time: 4m 44.13s
2026-02-04 03:17:09,706 - INFO - 
2026-02-04 03:17:09,706 - INFO - Component Sources:
2026-02-04 03:17:09,706 - INFO - ------------------------------
2026-02-04 03:17:09,706 - INFO -   Header                         -> GENERATED
2026-02-04 03:17:09,706 - INFO -   Ego                            -> GENERATED
2026-02-04 03:17:09,707 - INFO -   Adversarials 0                 -> GENERATED
2026-02-04 03:17:09,707 - INFO -   Spatial Relation               -> GENERATED
2026-02-04 03:17:09,707 - INFO -   Requirement and restrictions   -> GENERATED
2026-02-04 03:17:09,707 - INFO - ==============================
2026-02-04 03:17:09,710 - INFO - 📊 Generation summary written to: results\20260204_2913_the_ego_vehicle_is_turning\generation_summary.json
2026-02-04 03:17:09,710 - INFO - ✅ Scenario 007: Logs -> results\20260204_2913_the_ego_vehicle_is_turning | Status: SUCCESS
2026-02-04 03:17:09,905 - INFO - 
================================================================================
2026-02-04 03:17:09,906 - INFO - 🚀 Processing Scenario 8/40
2026-02-04 03:17:09,906 - INFO - 📝 Description: The ego vehicle is turning right at an intersection; the adversarial motorcyclist on the opposite sidewalk abruptly crosses the road from the right front and comes to a halt in the center of the intersection.
2026-02-04 03:17:09,906 - INFO - ================================================================================

2026-02-04 03:17:09,916 - INFO - Load pretrained SentenceTransformer: sentence-transformers/all-MiniLM-L6-v2
2026-02-04 03:17:11,977 - WARNING - Failed to initialize AsyncMilvusClient during Milvus initialization: <ConnectionConfigException: (code=1, message=Cannot create async connection: no running event loop. Please ensure you are running in an async context.)>. Async operations will be unavailable until AsyncMilvusClient is successfully created.
2026-02-04 03:17:12,128 - INFO - Load pretrained SentenceTransformer: sentence-transformers/all-MiniLM-L6-v2
2026-02-04 03:17:14,084 - INFO - 📊 Generation summary written to: results\20260204_2913_the_ego_vehicle_is_turning\generation_summary.json
2026-02-04 03:17:14,086 - INFO - 📁 AgentLogger initialized. Logs will be saved to: results\20260204_7034_the_ego_vehicle_is_turning
2026-02-04 03:17:25,571 - INFO - 🔍 Auto-detecting settings from user query...
2026-02-04 03:17:37,621 - INFO - ⚠️ Low confidence (0.50) in auto-detection, using defaults
2026-02-04 03:17:37,622 - INFO - 🗺️ Using default map: Town05
2026-02-04 03:17:37,622 - INFO - 🌤️ Using default weather: ClearNoon
2026-02-04 03:17:37,622 - INFO - 🚗 Using default blueprint: vehicle.lincoln.mkz_2017
2026-02-04 03:17:37,624 - INFO - 🎨 Generating Header component
2026-02-04 03:17:39,712 - INFO - 🔍 Searching for scenarios
2026-02-04 03:17:39,730 - INFO - ✅ Selected scenario: chatscene_36
2026-02-04 03:17:39,732 - INFO - 📝 Always Generate Mode: Preparing to generate all components from scratch
2026-02-04 03:17:39,733 - INFO - 🛠️ Component Ego marked for mandatory generation
2026-02-04 03:17:39,733 - INFO - 🛠️ Component Adversarials marked for mandatory generation
2026-02-04 03:17:39,733 - INFO - 🛠️ Component Spatial Relation marked for mandatory generation
2026-02-04 03:17:39,733 - INFO - 🛠️ Component Requirement and restrictions marked for mandatory generation
2026-02-04 03:17:39,735 - INFO - 🔍 Searching better matches for 4 components: ['Ego', 'Adversarials', 'Spatial Relation', 'Requirement and restrictions']
2026-02-04 03:17:39,735 - INFO -  🛠️ Processing component: Spatial Relation
2026-02-04 03:17:39,735 - INFO - 🛠️ Processing Spatial Relation
2026-02-04 03:17:39,736 - INFO - 🛠️ Generating new Spatial Relation
2026-02-04 03:19:21,077 - INFO - ✅ Generated new component: Spatial Relation (length: 953)
2026-02-04 03:19:21,077 - INFO - ✅ Generated Spatial Relation
2026-02-04 03:19:21,078 - INFO -  🛠️ Processing component: Ego
2026-02-04 03:19:21,078 - INFO - 🛠️ Processing Ego
2026-02-04 03:19:21,078 - INFO - 🛠️ Generating new Ego
2026-02-04 03:19:26,989 - INFO - ✅ Generated new component: Ego (length: 262)
2026-02-04 03:19:26,989 - INFO - ✅ Generated Ego
2026-02-04 03:19:26,989 - INFO -  🛠️ Processing component: Adversarials
2026-02-04 03:19:26,990 - INFO - 🛠️ Generating new Adversarial 1
2026-02-04 03:29:26,979 - WARNING - Retrying langchain_google_genai.chat_models._chat_with_retry.<locals>._chat_with_retry in 2.0 seconds as it raised DeadlineExceeded: 504 Deadline Exceeded.
2026-02-04 03:30:13,327 - INFO - ✅ Generated new component: Adversarial (length: 567)
2026-02-04 03:30:13,327 - INFO - ✅ Generated Adversarial 1
2026-02-04 03:30:13,327 - INFO -  🛠️ Processing component: Requirement and restrictions
2026-02-04 03:30:13,327 - INFO - 🛠️ Processing Requirement and restrictions
2026-02-04 03:30:13,327 - INFO - 🛠️ Generating new Requirement and restrictions
2026-02-04 03:30:58,509 - INFO - ✅ Generated new component: Requirement and restrictions (length: 431)
2026-02-04 03:30:58,510 - INFO - ✅ Generated Requirement and restrictions
2026-02-04 03:30:58,511 - INFO - ✅ All components processed
2026-02-04 03:30:58,512 - INFO - 🧩 Assembling scenario by concatenating components
2026-02-04 03:30:58,512 - INFO - 🔍 Available components: ['Header', 'Spatial Relation', 'Ego', 'Adversarials', 'Requirement and restrictions']
2026-02-04 03:30:58,513 - INFO - ✅ Added Header code
2026-02-04 03:30:58,513 - INFO - ✅ Added Spatial Relation code
2026-02-04 03:30:58,513 - INFO - ✅ Added Ego code
2026-02-04 03:30:58,513 - INFO - ✅ Added Adversarials code
2026-02-04 03:30:58,514 - INFO - ✅ Added Requirement and restrictions code
2026-02-04 03:30:58,514 - INFO - ==============================
2026-02-04 03:30:58,514 - INFO - SCENARIO GENERATION SUMMARY
2026-02-04 03:30:58,514 - INFO - ==============================
2026-02-04 03:30:58,514 - INFO - Total Generation Time: 13m 32.94s
2026-02-04 03:30:58,514 - INFO - 
2026-02-04 03:30:58,514 - INFO - Component Sources:
2026-02-04 03:30:58,514 - INFO - ------------------------------
2026-02-04 03:30:58,515 - INFO -   Header                         -> GENERATED
2026-02-04 03:30:58,515 - INFO -   Ego                            -> GENERATED
2026-02-04 03:30:58,515 - INFO -   Adversarials 0                 -> GENERATED
2026-02-04 03:30:58,515 - INFO -   Spatial Relation               -> GENERATED
2026-02-04 03:30:58,515 - INFO -   Requirement and restrictions   -> GENERATED
2026-02-04 03:30:58,515 - INFO - ==============================
2026-02-04 03:30:58,518 - INFO - 📊 Generation summary written to: results\20260204_7034_the_ego_vehicle_is_turning\generation_summary.json
2026-02-04 03:30:58,518 - INFO - ✅ Scenario 008: Logs -> results\20260204_7034_the_ego_vehicle_is_turning | Status: SUCCESS
2026-02-04 03:30:58,675 - INFO - 
================================================================================
2026-02-04 03:30:58,675 - INFO - 🚀 Processing Scenario 9/40
2026-02-04 03:30:58,675 - INFO - 📝 Description: The ego vehicle is turning right at an intersection; the adversarial pedestrian on the left front suddenly crosses the road and stops in the middle of the intersection, blocking the ego vehicle's path.
2026-02-04 03:30:58,675 - INFO - ================================================================================

2026-02-04 03:30:58,687 - INFO - Load pretrained SentenceTransformer: sentence-transformers/all-MiniLM-L6-v2
2026-02-04 03:30:58,708 - WARNING - '(ProtocolError('Connection aborted.', RemoteDisconnected('Remote end closed connection without response')), '(Request ID: 63ae6fa2-609a-4586-8071-db6bab414ec6)')' thrown while requesting HEAD https://huggingface.co/sentence-transformers/all-MiniLM-L6-v2/resolve/main/./modules.json
2026-02-04 03:30:58,708 - WARNING - Retrying in 1s [Retry 1/5].
2026-02-04 03:31:01,895 - WARNING - Failed to initialize AsyncMilvusClient during Milvus initialization: <ConnectionConfigException: (code=1, message=Cannot create async connection: no running event loop. Please ensure you are running in an async context.)>. Async operations will be unavailable until AsyncMilvusClient is successfully created.
2026-02-04 03:31:02,050 - INFO - Load pretrained SentenceTransformer: sentence-transformers/all-MiniLM-L6-v2
2026-02-04 03:31:04,072 - INFO - 📊 Generation summary written to: results\20260204_7034_the_ego_vehicle_is_turning\generation_summary.json
2026-02-04 03:31:04,074 - INFO - 📁 AgentLogger initialized. Logs will be saved to: results\20260204_1611_the_ego_vehicle_is_turning
2026-02-04 03:31:11,888 - INFO - 🔍 Auto-detecting settings from user query...
2026-02-04 03:31:39,122 - INFO - ⚠️ Low confidence (0.50) in auto-detection, using defaults
2026-02-04 03:31:39,122 - INFO - 🗺️ Using default map: Town05
2026-02-04 03:31:39,122 - INFO - 🌤️ Using default weather: ClearNoon
2026-02-04 03:31:39,122 - INFO - 🚗 Using default blueprint: vehicle.lincoln.mkz_2017
2026-02-04 03:31:39,132 - INFO - 🎨 Generating Header component
2026-02-04 03:31:41,439 - INFO - 🔍 Searching for scenarios
2026-02-04 03:31:41,458 - INFO - ✅ Selected scenario: chatscene_39
2026-02-04 03:31:41,461 - INFO - 📝 Always Generate Mode: Preparing to generate all components from scratch
2026-02-04 03:31:41,461 - INFO - 🛠️ Component Ego marked for mandatory generation
2026-02-04 03:31:41,461 - INFO - 🛠️ Component Adversarials marked for mandatory generation
2026-02-04 03:31:41,461 - INFO - 🛠️ Component Spatial Relation marked for mandatory generation
2026-02-04 03:31:41,461 - INFO - 🛠️ Component Requirement and restrictions marked for mandatory generation
2026-02-04 03:31:41,462 - INFO - 🔍 Searching better matches for 4 components: ['Ego', 'Adversarials', 'Spatial Relation', 'Requirement and restrictions']
2026-02-04 03:31:41,463 - INFO -  🛠️ Processing component: Spatial Relation
2026-02-04 03:31:41,463 - INFO - 🛠️ Processing Spatial Relation
2026-02-04 03:31:41,463 - INFO - 🛠️ Generating new Spatial Relation
2026-02-04 03:32:42,944 - INFO - ✅ Generated new component: Spatial Relation (length: 586)
2026-02-04 03:32:42,944 - INFO - ✅ Generated Spatial Relation
2026-02-04 03:32:42,944 - INFO -  🛠️ Processing component: Ego
2026-02-04 03:32:42,944 - INFO - 🛠️ Processing Ego
2026-02-04 03:32:42,944 - INFO - 🛠️ Generating new Ego
2026-02-04 03:32:49,934 - INFO - ✅ Generated new component: Ego (length: 262)
2026-02-04 03:32:49,935 - INFO - ✅ Generated Ego
2026-02-04 03:32:49,935 - INFO -  🛠️ Processing component: Adversarials
2026-02-04 03:32:49,936 - INFO - 🛠️ Generating new Adversarial 1
2026-02-04 03:34:11,757 - INFO - ✅ Generated new component: Adversarial (length: 678)
2026-02-04 03:34:11,757 - INFO - ✅ Generated Adversarial 1
2026-02-04 03:34:11,758 - INFO -  🛠️ Processing component: Requirement and restrictions
2026-02-04 03:34:11,758 - INFO - 🛠️ Processing Requirement and restrictions
2026-02-04 03:34:11,758 - INFO - 🛠️ Generating new Requirement and restrictions
2026-02-04 03:34:18,937 - INFO - ✅ Generated new component: Requirement and restrictions (length: 167)
2026-02-04 03:34:18,937 - INFO - ✅ Generated Requirement and restrictions
2026-02-04 03:34:18,939 - INFO - ✅ All components processed
2026-02-04 03:34:18,940 - INFO - 🧩 Assembling scenario by concatenating components
2026-02-04 03:34:18,940 - INFO - 🔍 Available components: ['Header', 'Spatial Relation', 'Ego', 'Adversarials', 'Requirement and restrictions']
2026-02-04 03:34:18,940 - INFO - ✅ Added Header code
2026-02-04 03:34:18,940 - INFO - ✅ Added Spatial Relation code
2026-02-04 03:34:18,940 - INFO - ✅ Added Ego code
2026-02-04 03:34:18,940 - INFO - ✅ Added Adversarials code
2026-02-04 03:34:18,941 - INFO - ✅ Added Requirement and restrictions code
2026-02-04 03:34:18,941 - INFO - ==============================
2026-02-04 03:34:18,941 - INFO - SCENARIO GENERATION SUMMARY
2026-02-04 03:34:18,941 - INFO - ==============================
2026-02-04 03:34:18,941 - INFO - Total Generation Time: 3m 7.05s
2026-02-04 03:34:18,941 - INFO - 
2026-02-04 03:34:18,941 - INFO - Component Sources:
2026-02-04 03:34:18,941 - INFO - ------------------------------
2026-02-04 03:34:18,942 - INFO -   Header                         -> GENERATED
2026-02-04 03:34:18,942 - INFO -   Ego                            -> GENERATED
2026-02-04 03:34:18,942 - INFO -   Adversarials 0                 -> GENERATED
2026-02-04 03:34:18,942 - INFO -   Spatial Relation               -> GENERATED
2026-02-04 03:34:18,942 - INFO -   Requirement and restrictions   -> GENERATED
2026-02-04 03:34:18,942 - INFO - ==============================
2026-02-04 03:34:18,945 - INFO - 📊 Generation summary written to: results\20260204_1611_the_ego_vehicle_is_turning\generation_summary.json
2026-02-04 03:34:18,945 - INFO - ✅ Scenario 009: Logs -> results\20260204_1611_the_ego_vehicle_is_turning | Status: SUCCESS
2026-02-04 03:34:19,116 - INFO - 
================================================================================
2026-02-04 03:34:19,116 - INFO - 🚀 Processing Scenario 10/40
2026-02-04 03:34:19,116 - INFO - 📝 Description: The ego vehicle is turning left at an intersection; the adversarial cyclist on the left front suddenly stops in the middle of the intersection and dismounts, obstructing the ego vehicle's path.
2026-02-04 03:34:19,116 - INFO - ================================================================================

2026-02-04 03:34:19,124 - INFO - Load pretrained SentenceTransformer: sentence-transformers/all-MiniLM-L6-v2
2026-02-04 03:34:21,155 - WARNING - Failed to initialize AsyncMilvusClient during Milvus initialization: <ConnectionConfigException: (code=1, message=Cannot create async connection: no running event loop. Please ensure you are running in an async context.)>. Async operations will be unavailable until AsyncMilvusClient is successfully created.
2026-02-04 03:34:21,308 - INFO - Load pretrained SentenceTransformer: sentence-transformers/all-MiniLM-L6-v2
2026-02-04 03:34:23,246 - INFO - 📊 Generation summary written to: results\20260204_1611_the_ego_vehicle_is_turning\generation_summary.json
2026-02-04 03:34:23,246 - INFO - 📁 AgentLogger initialized. Logs will be saved to: results\20260204_7005_the_ego_vehicle_is_turning
2026-02-04 03:34:27,670 - INFO - 🔍 Auto-detecting settings from user query...
2026-02-04 03:34:41,384 - INFO - 🗺️ Auto-detected map: Town05 (confidence: 0.60)
2026-02-04 03:34:41,384 - INFO -    Reasoning: The query explicitly mentions an 'intersection' and 'turning left', which strongly maps to Town05. No specific weather conditions, time of day, or ego vehicle models were mentioned, so time and blueprint are set to defaults (noon and Lincoln MKZ) and weather is null.
2026-02-04 03:34:41,384 - INFO - 🚗 Auto-detected blueprint: vehicle.lincoln.mkz_2017 (confidence: 0.60)
2026-02-04 03:34:41,384 - INFO -    Reasoning: The query explicitly mentions an 'intersection' and 'turning left', which strongly maps to Town05. No specific weather conditions, time of day, or ego vehicle models were mentioned, so time and blueprint are set to defaults (noon and Lincoln MKZ) and weather is null.
2026-02-04 03:34:41,384 - INFO - 🌤️ Using default weather: ClearNoon
2026-02-04 03:34:41,384 - INFO - 🎨 Generating Header component
2026-02-04 03:34:43,058 - INFO - 🔍 Searching for scenarios
2026-02-04 03:34:43,077 - INFO - ✅ Selected scenario: chatscene_40
2026-02-04 03:34:43,080 - INFO - 📝 Always Generate Mode: Preparing to generate all components from scratch
2026-02-04 03:34:43,081 - INFO - 🛠️ Component Ego marked for mandatory generation
2026-02-04 03:34:43,081 - INFO - 🛠️ Component Adversarials marked for mandatory generation
2026-02-04 03:34:43,081 - INFO - 🛠️ Component Spatial Relation marked for mandatory generation
2026-02-04 03:34:43,081 - INFO - 🛠️ Component Requirement and restrictions marked for mandatory generation
2026-02-04 03:34:43,081 - INFO - 🔍 Searching better matches for 4 components: ['Ego', 'Adversarials', 'Spatial Relation', 'Requirement and restrictions']
2026-02-04 03:34:43,083 - INFO -  🛠️ Processing component: Spatial Relation
2026-02-04 03:34:43,084 - INFO - 🛠️ Processing Spatial Relation
2026-02-04 03:34:43,084 - INFO - 🛠️ Generating new Spatial Relation
2026-02-04 03:35:19,640 - INFO - ✅ Generated new component: Spatial Relation (length: 484)
2026-02-04 03:35:19,640 - INFO - ✅ Generated Spatial Relation
2026-02-04 03:35:19,640 - INFO -  🛠️ Processing component: Ego
2026-02-04 03:35:19,640 - INFO - 🛠️ Processing Ego
2026-02-04 03:35:19,640 - INFO - 🛠️ Generating new Ego
2026-02-04 03:35:35,393 - INFO - ✅ Generated new component: Ego (length: 463)
2026-02-04 03:35:35,393 - INFO - ✅ Generated Ego
2026-02-04 03:35:35,393 - INFO -  🛠️ Processing component: Adversarials
2026-02-04 03:35:35,393 - INFO - 🛠️ Generating new Adversarial 1
2026-02-04 03:36:03,941 - INFO - ✅ Generated new component: Adversarial (length: 534)
2026-02-04 03:36:03,941 - INFO - ✅ Generated Adversarial 1
2026-02-04 03:36:03,941 - INFO -  🛠️ Processing component: Requirement and restrictions
2026-02-04 03:36:03,941 - INFO - 🛠️ Processing Requirement and restrictions
2026-02-04 03:36:03,941 - INFO - 🛠️ Generating new Requirement and restrictions
2026-02-04 03:36:31,680 - INFO - ✅ Generated new component: Requirement and restrictions (length: 433)
2026-02-04 03:36:31,680 - INFO - ✅ Generated Requirement and restrictions
2026-02-04 03:36:31,680 - INFO - ✅ All components processed
2026-02-04 03:36:31,680 - INFO - 🧩 Assembling scenario by concatenating components
2026-02-04 03:36:31,680 - INFO - 🔍 Available components: ['Header', 'Spatial Relation', 'Ego', 'Adversarials', 'Requirement and restrictions']
2026-02-04 03:36:31,680 - INFO - ✅ Added Header code
2026-02-04 03:36:31,680 - INFO - ✅ Added Spatial Relation code
2026-02-04 03:36:31,680 - INFO - ✅ Added Ego code
2026-02-04 03:36:31,680 - INFO - ✅ Added Adversarials code
2026-02-04 03:36:31,680 - INFO - ✅ Added Requirement and restrictions code
2026-02-04 03:36:31,680 - INFO - ==============================
2026-02-04 03:36:31,680 - INFO - SCENARIO GENERATION SUMMARY
2026-02-04 03:36:31,680 - INFO - ==============================
2026-02-04 03:36:31,680 - INFO - Total Generation Time: 2m 4.01s
2026-02-04 03:36:31,680 - INFO - 
2026-02-04 03:36:31,680 - INFO - Component Sources:
2026-02-04 03:36:31,690 - INFO - ------------------------------
2026-02-04 03:36:31,690 - INFO -   Header                         -> GENERATED
2026-02-04 03:36:31,690 - INFO -   Ego                            -> GENERATED
2026-02-04 03:36:31,690 - INFO -   Adversarials 0                 -> GENERATED
2026-02-04 03:36:31,690 - INFO -   Spatial Relation               -> GENERATED
2026-02-04 03:36:31,690 - INFO -   Requirement and restrictions   -> GENERATED
2026-02-04 03:36:31,690 - INFO - ==============================
2026-02-04 03:36:31,690 - INFO - 📊 Generation summary written to: results\20260204_7005_the_ego_vehicle_is_turning\generation_summary.json
2026-02-04 03:36:31,690 - INFO - ✅ Scenario 010: Logs -> results\20260204_7005_the_ego_vehicle_is_turning | Status: SUCCESS
2026-02-04 03:36:31,846 - INFO - 
================================================================================
2026-02-04 03:36:31,846 - INFO - 🚀 Processing Scenario 11/40
2026-02-04 03:36:31,846 - INFO - 📝 Description: The ego vehicle is attempting to change lanes to avoid a slow-moving leading vehicle; the adversarial car in the target lane suddenly merges into the ego vehicle's original lane, blocking the ego vehicle from returning to its initial position.
2026-02-04 03:36:31,846 - INFO - ================================================================================

2026-02-04 03:36:31,862 - INFO - Load pretrained SentenceTransformer: sentence-transformers/all-MiniLM-L6-v2
2026-02-04 03:36:33,875 - WARNING - Failed to initialize AsyncMilvusClient during Milvus initialization: <ConnectionConfigException: (code=1, message=Cannot create async connection: no running event loop. Please ensure you are running in an async context.)>. Async operations will be unavailable until AsyncMilvusClient is successfully created.
2026-02-04 03:36:34,029 - INFO - Load pretrained SentenceTransformer: sentence-transformers/all-MiniLM-L6-v2
2026-02-04 03:36:35,971 - INFO - 📊 Generation summary written to: results\20260204_7005_the_ego_vehicle_is_turning\generation_summary.json
2026-02-04 03:36:35,973 - INFO - 📁 AgentLogger initialized. Logs will be saved to: results\20260204_6022_the_ego_vehicle_is_attempting
2026-02-04 03:36:54,230 - INFO - 🔍 Auto-detecting settings from user query...
2026-02-04 03:37:09,827 - INFO - ⚠️ Low confidence (0.40) in auto-detection, using defaults
2026-02-04 03:37:09,827 - INFO - 🗺️ Using default map: Town05
2026-02-04 03:37:09,827 - INFO - 🌤️ Using default weather: ClearNoon
2026-02-04 03:37:09,833 - INFO - 🚗 Using default blueprint: vehicle.lincoln.mkz_2017
2026-02-04 03:37:09,833 - INFO - 🎨 Generating Header component
2026-02-04 03:37:12,264 - INFO - 🔍 Searching for scenarios
2026-02-04 03:37:12,280 - INFO - ✅ Selected scenario: 100
2026-02-04 03:37:12,283 - INFO - 📝 Always Generate Mode: Preparing to generate all components from scratch
2026-02-04 03:37:12,283 - INFO - 🛠️ Component Ego marked for mandatory generation
2026-02-04 03:37:12,283 - INFO - 🛠️ Component Adversarials marked for mandatory generation
2026-02-04 03:37:12,283 - INFO - 🛠️ Component Spatial Relation marked for mandatory generation
2026-02-04 03:37:12,283 - INFO - 🛠️ Component Requirement and restrictions marked for mandatory generation
2026-02-04 03:37:12,284 - INFO - 🔍 Searching better matches for 4 components: ['Ego', 'Adversarials', 'Spatial Relation', 'Requirement and restrictions']
2026-02-04 03:37:12,284 - INFO -  🛠️ Processing component: Spatial Relation
2026-02-04 03:37:12,286 - INFO - 🛠️ Processing Spatial Relation
2026-02-04 03:37:12,286 - INFO - 🛠️ Generating new Spatial Relation
2026-02-04 03:37:52,006 - INFO - ✅ Generated new component: Spatial Relation (length: 856)
2026-02-04 03:37:52,007 - INFO - ✅ Generated Spatial Relation
2026-02-04 03:37:52,007 - INFO -  🛠️ Processing component: Ego
2026-02-04 03:37:52,007 - INFO - 🛠️ Processing Ego
2026-02-04 03:37:52,007 - INFO - 🛠️ Generating new Ego
2026-02-04 03:38:23,441 - INFO - ✅ Generated new component: Ego (length: 413)
2026-02-04 03:38:23,441 - INFO - ✅ Generated Ego
2026-02-04 03:38:23,441 - INFO -  🛠️ Processing component: Adversarials
2026-02-04 03:38:23,441 - INFO - 🛠️ Generating new Adversarial 1
2026-02-04 03:39:11,355 - INFO - ✅ Generated new component: Adversarial (length: 263)
2026-02-04 03:39:11,355 - INFO - ✅ Generated Adversarial 1
2026-02-04 03:39:11,355 - INFO - 🛠️ Generating new Adversarial 2
2026-02-04 03:39:53,911 - INFO - ✅ Generated new component: Adversarial (length: 454)
2026-02-04 03:39:53,912 - INFO - ✅ Generated Adversarial 2
2026-02-04 03:39:53,912 - INFO -  🛠️ Processing component: Requirement and restrictions
2026-02-04 03:39:53,912 - INFO - 🛠️ Processing Requirement and restrictions
2026-02-04 03:39:53,913 - INFO - 🛠️ Generating new Requirement and restrictions
2026-02-04 03:40:57,849 - INFO - ✅ Generated new component: Requirement and restrictions (length: 623)
2026-02-04 03:40:57,850 - INFO - ✅ Generated Requirement and restrictions
2026-02-04 03:40:57,851 - INFO - ✅ All components processed
2026-02-04 03:40:57,851 - INFO - 🧩 Assembling scenario by concatenating components
2026-02-04 03:40:57,852 - INFO - 🔍 Available components: ['Header', 'Spatial Relation', 'Ego', 'Adversarials', 'Requirement and restrictions']
2026-02-04 03:40:57,852 - INFO - ✅ Added Header code
2026-02-04 03:40:57,853 - INFO - ✅ Added Spatial Relation code
2026-02-04 03:40:57,853 - INFO - ✅ Added Ego code
2026-02-04 03:40:57,853 - INFO - ✅ Added Adversarials code
2026-02-04 03:40:57,853 - INFO - ✅ Added Adversarials code
2026-02-04 03:40:57,853 - INFO - ✅ Added Requirement and restrictions code
2026-02-04 03:40:57,853 - INFO - ==============================
2026-02-04 03:40:57,854 - INFO - SCENARIO GENERATION SUMMARY
2026-02-04 03:40:57,854 - INFO - ==============================
2026-02-04 03:40:57,854 - INFO - Total Generation Time: 4m 3.62s
2026-02-04 03:40:57,854 - INFO - 
2026-02-04 03:40:57,854 - INFO - Component Sources:
2026-02-04 03:40:57,854 - INFO - ------------------------------
2026-02-04 03:40:57,854 - INFO -   Header                         -> GENERATED
2026-02-04 03:40:57,854 - INFO -   Ego                            -> GENERATED
2026-02-04 03:40:57,854 - INFO -   Adversarials 0                 -> GENERATED
2026-02-04 03:40:57,854 - INFO -   Adversarials 1                 -> GENERATED
2026-02-04 03:40:57,854 - INFO -   Spatial Relation               -> GENERATED
2026-02-04 03:40:57,854 - INFO -   Requirement and restrictions   -> GENERATED
2026-02-04 03:40:57,855 - INFO - ==============================
2026-02-04 03:40:57,857 - INFO - 📊 Generation summary written to: results\20260204_6022_the_ego_vehicle_is_attempting\generation_summary.json
2026-02-04 03:40:57,858 - INFO - ✅ Scenario 011: Logs -> results\20260204_6022_the_ego_vehicle_is_attempting | Status: SUCCESS
2026-02-04 03:40:58,040 - INFO - 
================================================================================
2026-02-04 03:40:58,041 - INFO - 🚀 Processing Scenario 12/40
2026-02-04 03:40:58,041 - INFO - 📝 Description: The ego vehicle is changing to the right lane; the adversarial car is driving parallel to the ego and blocking its path.
2026-02-04 03:40:58,041 - INFO - ================================================================================

2026-02-04 03:40:58,051 - INFO - Load pretrained SentenceTransformer: sentence-transformers/all-MiniLM-L6-v2
2026-02-04 03:41:00,274 - WARNING - Failed to initialize AsyncMilvusClient during Milvus initialization: <ConnectionConfigException: (code=1, message=Cannot create async connection: no running event loop. Please ensure you are running in an async context.)>. Async operations will be unavailable until AsyncMilvusClient is successfully created.
2026-02-04 03:41:00,468 - INFO - Load pretrained SentenceTransformer: sentence-transformers/all-MiniLM-L6-v2
2026-02-04 03:41:02,481 - INFO - 📊 Generation summary written to: results\20260204_6022_the_ego_vehicle_is_attempting\generation_summary.json
2026-02-04 03:41:02,481 - INFO - 📁 AgentLogger initialized. Logs will be saved to: results\20260204_3087_the_ego_vehicle_is_changing
2026-02-04 03:41:07,670 - INFO - 🔍 Auto-detecting settings from user query...
2026-02-04 03:41:26,858 - INFO - ⚠️ Low confidence (0.00) in auto-detection, using defaults
2026-02-04 03:41:26,858 - INFO - 🗺️ Using default map: Town05
2026-02-04 03:41:26,858 - INFO - 🌤️ Using default weather: ClearNoon
2026-02-04 03:41:26,858 - INFO - 🚗 Using default blueprint: vehicle.lincoln.mkz_2017
2026-02-04 03:41:26,858 - INFO - 🎨 Generating Header component
2026-02-04 03:41:28,975 - INFO - 🔍 Searching for scenarios
2026-02-04 03:41:28,992 - INFO - ✅ Selected scenario: chatscene_07
2026-02-04 03:41:28,995 - INFO - 📝 Always Generate Mode: Preparing to generate all components from scratch
2026-02-04 03:41:28,996 - INFO - 🛠️ Component Ego marked for mandatory generation
2026-02-04 03:41:28,996 - INFO - 🛠️ Component Adversarials marked for mandatory generation
2026-02-04 03:41:28,996 - INFO - 🛠️ Component Spatial Relation marked for mandatory generation
2026-02-04 03:41:28,996 - INFO - 🛠️ Component Requirement and restrictions marked for mandatory generation
2026-02-04 03:41:28,997 - INFO - 🔍 Searching better matches for 4 components: ['Ego', 'Adversarials', 'Spatial Relation', 'Requirement and restrictions']
2026-02-04 03:41:28,998 - INFO -  🛠️ Processing component: Spatial Relation
2026-02-04 03:41:28,998 - INFO - 🛠️ Processing Spatial Relation
2026-02-04 03:41:28,998 - INFO - 🛠️ Generating new Spatial Relation
2026-02-04 03:41:57,132 - INFO - ✅ Generated new component: Spatial Relation (length: 399)
2026-02-04 03:41:57,132 - INFO - ✅ Generated Spatial Relation
2026-02-04 03:41:57,132 - INFO -  🛠️ Processing component: Ego
2026-02-04 03:41:57,132 - INFO - 🛠️ Processing Ego
2026-02-04 03:41:57,132 - INFO - 🛠️ Generating new Ego
2026-02-04 03:42:07,656 - INFO - ✅ Generated new component: Ego (length: 299)
2026-02-04 03:42:07,656 - INFO - ✅ Generated Ego
2026-02-04 03:42:07,656 - INFO -  🛠️ Processing component: Adversarials
2026-02-04 03:42:07,656 - INFO - 🛠️ Generating new Adversarial 1
2026-02-04 03:42:27,038 - INFO - ✅ Generated new component: Adversarial (length: 132)
2026-02-04 03:42:27,038 - INFO - ✅ Generated Adversarial 1
2026-02-04 03:42:27,038 - INFO -  🛠️ Processing component: Requirement and restrictions
2026-02-04 03:42:27,038 - INFO - 🛠️ Processing Requirement and restrictions
2026-02-04 03:42:27,038 - INFO - 🛠️ Generating new Requirement and restrictions
2026-02-04 03:43:10,462 - INFO - ✅ Generated new component: Requirement and restrictions (length: 331)
2026-02-04 03:43:10,463 - INFO - ✅ Generated Requirement and restrictions
2026-02-04 03:43:10,463 - INFO - ✅ All components processed
2026-02-04 03:43:10,464 - INFO - 🧩 Assembling scenario by concatenating components
2026-02-04 03:43:10,464 - INFO - 🔍 Available components: ['Header', 'Spatial Relation', 'Ego', 'Adversarials', 'Requirement and restrictions']
2026-02-04 03:43:10,465 - INFO - ✅ Added Header code
2026-02-04 03:43:10,465 - INFO - ✅ Added Spatial Relation code
2026-02-04 03:43:10,465 - INFO - ✅ Added Ego code
2026-02-04 03:43:10,465 - INFO - ✅ Added Adversarials code
2026-02-04 03:43:10,465 - INFO - ✅ Added Requirement and restrictions code
2026-02-04 03:43:10,466 - INFO - ==============================
2026-02-04 03:43:10,466 - INFO - SCENARIO GENERATION SUMMARY
2026-02-04 03:43:10,466 - INFO - ==============================
2026-02-04 03:43:10,466 - INFO - Total Generation Time: 2m 2.80s
2026-02-04 03:43:10,466 - INFO - 
2026-02-04 03:43:10,466 - INFO - Component Sources:
2026-02-04 03:43:10,466 - INFO - ------------------------------
2026-02-04 03:43:10,466 - INFO -   Header                         -> GENERATED
2026-02-04 03:43:10,467 - INFO -   Ego                            -> GENERATED
2026-02-04 03:43:10,467 - INFO -   Adversarials 0                 -> GENERATED
2026-02-04 03:43:10,467 - INFO -   Spatial Relation               -> GENERATED
2026-02-04 03:43:10,467 - INFO -   Requirement and restrictions   -> GENERATED
2026-02-04 03:43:10,467 - INFO - ==============================
2026-02-04 03:43:10,470 - INFO - 📊 Generation summary written to: results\20260204_3087_the_ego_vehicle_is_changing\generation_summary.json
2026-02-04 03:43:10,470 - INFO - ✅ Scenario 012: Logs -> results\20260204_3087_the_ego_vehicle_is_changing | Status: SUCCESS
2026-02-04 03:43:10,634 - INFO - 
================================================================================
2026-02-04 03:43:10,634 - INFO - 🚀 Processing Scenario 13/40
2026-02-04 03:43:10,634 - INFO - 📝 Description: The ego vehicle is attempting to change lanes to avoid a slow-moving leading vehicle; the adversarial car in the target lane suddenly slows down, matching the speed of the leading vehicle, and effectively blocking the ego vehicle from completing the lane change.
2026-02-04 03:43:10,634 - INFO - ================================================================================

2026-02-04 03:43:10,646 - INFO - Load pretrained SentenceTransformer: sentence-transformers/all-MiniLM-L6-v2
2026-02-04 03:43:12,696 - WARNING - Failed to initialize AsyncMilvusClient during Milvus initialization: <ConnectionConfigException: (code=1, message=Cannot create async connection: no running event loop. Please ensure you are running in an async context.)>. Async operations will be unavailable until AsyncMilvusClient is successfully created.
2026-02-04 03:43:12,842 - INFO - Load pretrained SentenceTransformer: sentence-transformers/all-MiniLM-L6-v2
2026-02-04 03:43:14,808 - INFO - 📊 Generation summary written to: results\20260204_3087_the_ego_vehicle_is_changing\generation_summary.json
2026-02-04 03:43:14,810 - INFO - 📁 AgentLogger initialized. Logs will be saved to: results\20260204_7007_the_ego_vehicle_is_attempting
2026-02-04 03:43:19,508 - INFO - 🔍 Auto-detecting settings from user query...
2026-02-04 03:43:37,994 - INFO - ⚠️ Low confidence (0.00) in auto-detection, using defaults
2026-02-04 03:43:37,994 - INFO - 🗺️ Using default map: Town05
2026-02-04 03:43:37,994 - INFO - 🌤️ Using default weather: ClearNoon
2026-02-04 03:43:37,994 - INFO - 🚗 Using default blueprint: vehicle.lincoln.mkz_2017
2026-02-04 03:43:37,999 - INFO - 🎨 Generating Header component
2026-02-04 03:43:39,882 - INFO - 🔍 Searching for scenarios
2026-02-04 03:43:39,906 - INFO - ✅ Selected scenario: chatscene_05
2026-02-04 03:43:39,909 - INFO - 📝 Always Generate Mode: Preparing to generate all components from scratch
2026-02-04 03:43:39,909 - INFO - 🛠️ Component Ego marked for mandatory generation
2026-02-04 03:43:39,909 - INFO - 🛠️ Component Adversarials marked for mandatory generation
2026-02-04 03:43:39,910 - INFO - 🛠️ Component Spatial Relation marked for mandatory generation
2026-02-04 03:43:39,910 - INFO - 🛠️ Component Requirement and restrictions marked for mandatory generation
2026-02-04 03:43:39,911 - INFO - 🔍 Searching better matches for 4 components: ['Ego', 'Adversarials', 'Spatial Relation', 'Requirement and restrictions']
2026-02-04 03:43:39,911 - INFO -  🛠️ Processing component: Spatial Relation
2026-02-04 03:43:39,912 - INFO - 🛠️ Processing Spatial Relation
2026-02-04 03:43:39,912 - INFO - 🛠️ Generating new Spatial Relation
2026-02-04 03:44:03,914 - INFO - ✅ Generated new component: Spatial Relation (length: 853)
2026-02-04 03:44:03,917 - INFO - ✅ Generated Spatial Relation
2026-02-04 03:44:03,917 - INFO -  🛠️ Processing component: Ego
2026-02-04 03:44:03,917 - INFO - 🛠️ Processing Ego
2026-02-04 03:44:03,917 - INFO - 🛠️ Generating new Ego
2026-02-04 03:44:16,742 - INFO - ✅ Generated new component: Ego (length: 496)
2026-02-04 03:44:16,742 - INFO - ✅ Generated Ego
2026-02-04 03:44:16,742 - INFO -  🛠️ Processing component: Adversarials
2026-02-04 03:44:16,743 - INFO - 🛠️ Generating new Adversarial 1
2026-02-04 03:45:06,058 - INFO - ✅ Generated new component: Adversarial (length: 249)
2026-02-04 03:45:06,058 - INFO - ✅ Generated Adversarial 1
2026-02-04 03:45:06,062 - INFO - 🛠️ Generating new Adversarial 2
2026-02-04 03:45:32,065 - INFO - ✅ Generated new component: Adversarial (length: 463)
2026-02-04 03:45:32,065 - INFO - ✅ Generated Adversarial 2
2026-02-04 03:45:32,065 - INFO -  🛠️ Processing component: Requirement and restrictions
2026-02-04 03:45:32,066 - INFO - 🛠️ Processing Requirement and restrictions
2026-02-04 03:45:32,066 - INFO - 🛠️ Generating new Requirement and restrictions
2026-02-04 03:46:31,920 - INFO - ✅ Generated new component: Requirement and restrictions (length: 531)
2026-02-04 03:46:31,920 - INFO - ✅ Generated Requirement and restrictions
2026-02-04 03:46:31,926 - INFO - ✅ All components processed
2026-02-04 03:46:31,926 - INFO - 🧩 Assembling scenario by concatenating components
2026-02-04 03:46:31,926 - INFO - 🔍 Available components: ['Header', 'Spatial Relation', 'Ego', 'Adversarials', 'Requirement and restrictions']
2026-02-04 03:46:31,926 - INFO - ✅ Added Header code
2026-02-04 03:46:31,926 - INFO - ✅ Added Spatial Relation code
2026-02-04 03:46:31,926 - INFO - ✅ Added Ego code
2026-02-04 03:46:31,926 - INFO - ✅ Added Adversarials code
2026-02-04 03:46:31,926 - INFO - ✅ Added Adversarials code
2026-02-04 03:46:31,926 - INFO - ✅ Added Requirement and restrictions code
2026-02-04 03:46:31,926 - INFO - ==============================
2026-02-04 03:46:31,926 - INFO - SCENARIO GENERATION SUMMARY
2026-02-04 03:46:31,926 - INFO - ==============================
2026-02-04 03:46:31,926 - INFO - Total Generation Time: 3m 12.42s
2026-02-04 03:46:31,926 - INFO - 
2026-02-04 03:46:31,926 - INFO - Component Sources:
2026-02-04 03:46:31,926 - INFO - ------------------------------
2026-02-04 03:46:31,926 - INFO -   Header                         -> GENERATED
2026-02-04 03:46:31,926 - INFO -   Ego                            -> GENERATED
2026-02-04 03:46:31,926 - INFO -   Adversarials 0                 -> GENERATED
2026-02-04 03:46:31,926 - INFO -   Adversarials 1                 -> GENERATED
2026-02-04 03:46:31,926 - INFO -   Spatial Relation               -> GENERATED
2026-02-04 03:46:31,926 - INFO -   Requirement and restrictions   -> GENERATED
2026-02-04 03:46:31,926 - INFO - ==============================
2026-02-04 03:46:31,930 - INFO - 📊 Generation summary written to: results\20260204_7007_the_ego_vehicle_is_attempting\generation_summary.json
2026-02-04 03:46:31,930 - INFO - ✅ Scenario 013: Logs -> results\20260204_7007_the_ego_vehicle_is_attempting | Status: SUCCESS
2026-02-04 03:46:32,092 - INFO - 
================================================================================
2026-02-04 03:46:32,092 - INFO - 🚀 Processing Scenario 14/40
2026-02-04 03:46:32,092 - INFO - 📝 Description: The ego vehicle is performing a lane change to evade a slow-moving vehicle; the adversarial car in the target lane on the right front suddenly brakes, causing the ego vehicle to react quickly to avoid a collision.
2026-02-04 03:46:32,092 - INFO - ================================================================================

2026-02-04 03:46:32,103 - INFO - Load pretrained SentenceTransformer: sentence-transformers/all-MiniLM-L6-v2
2026-02-04 03:46:34,135 - WARNING - Failed to initialize AsyncMilvusClient during Milvus initialization: <ConnectionConfigException: (code=1, message=Cannot create async connection: no running event loop. Please ensure you are running in an async context.)>. Async operations will be unavailable until AsyncMilvusClient is successfully created.
2026-02-04 03:46:34,282 - INFO - Load pretrained SentenceTransformer: sentence-transformers/all-MiniLM-L6-v2
2026-02-04 03:46:36,226 - INFO - 📊 Generation summary written to: results\20260204_7007_the_ego_vehicle_is_attempting\generation_summary.json
2026-02-04 03:46:36,226 - INFO - 📁 AgentLogger initialized. Logs will be saved to: results\20260204_7937_the_ego_vehicle_is_performing
2026-02-04 03:46:44,624 - INFO - 🔍 Auto-detecting settings from user query...
2026-02-04 03:47:06,488 - INFO - ⚠️ Low confidence (0.40) in auto-detection, using defaults
2026-02-04 03:47:06,488 - INFO - 🗺️ Using default map: Town05
2026-02-04 03:47:06,488 - INFO - 🌤️ Using default weather: ClearNoon
2026-02-04 03:47:06,491 - INFO - 🚗 Using default blueprint: vehicle.lincoln.mkz_2017
2026-02-04 03:47:06,492 - INFO - 🎨 Generating Header component
2026-02-04 03:47:08,549 - INFO - 🔍 Searching for scenarios
2026-02-04 03:47:08,563 - INFO - ✅ Selected scenario: chatscene_06
2026-02-04 03:47:08,570 - INFO - 📝 Always Generate Mode: Preparing to generate all components from scratch
2026-02-04 03:47:08,571 - INFO - 🛠️ Component Ego marked for mandatory generation
2026-02-04 03:47:08,571 - INFO - 🛠️ Component Adversarials marked for mandatory generation
2026-02-04 03:47:08,571 - INFO - 🛠️ Component Spatial Relation marked for mandatory generation
2026-02-04 03:47:08,571 - INFO - 🛠️ Component Requirement and restrictions marked for mandatory generation
2026-02-04 03:47:08,572 - INFO - 🔍 Searching better matches for 4 components: ['Ego', 'Adversarials', 'Spatial Relation', 'Requirement and restrictions']
2026-02-04 03:47:08,573 - INFO -  🛠️ Processing component: Spatial Relation
2026-02-04 03:47:08,573 - INFO - 🛠️ Processing Spatial Relation
2026-02-04 03:47:08,573 - INFO - 🛠️ Generating new Spatial Relation
2026-02-04 03:47:24,296 - INFO - ✅ Generated new component: Spatial Relation (length: 848)
2026-02-04 03:47:24,296 - INFO - ✅ Generated Spatial Relation
2026-02-04 03:47:24,296 - INFO -  🛠️ Processing component: Ego
2026-02-04 03:47:24,296 - INFO - 🛠️ Processing Ego
2026-02-04 03:47:24,296 - INFO - 🛠️ Generating new Ego
2026-02-04 03:47:49,697 - INFO - ✅ Generated new component: Ego (length: 647)
2026-02-04 03:47:49,697 - INFO - ✅ Generated Ego
2026-02-04 03:47:49,697 - INFO -  🛠️ Processing component: Adversarials
2026-02-04 03:47:49,697 - INFO - 🛠️ Generating new Adversarial 1
2026-02-04 03:48:38,947 - INFO - ✅ Generated new component: Adversarial (length: 220)
2026-02-04 03:48:38,947 - INFO - ✅ Generated Adversarial 1
2026-02-04 03:48:38,947 - INFO - 🛠️ Generating new Adversarial 2
2026-02-04 03:49:11,891 - INFO - ✅ Generated new component: Adversarial (length: 485)
2026-02-04 03:49:11,891 - INFO - ✅ Generated Adversarial 2
2026-02-04 03:49:11,891 - INFO -  🛠️ Processing component: Requirement and restrictions
2026-02-04 03:49:11,891 - INFO - 🛠️ Processing Requirement and restrictions
2026-02-04 03:49:11,891 - INFO - 🛠️ Generating new Requirement and restrictions
2026-02-04 03:49:45,126 - INFO - ✅ Generated new component: Requirement and restrictions (length: 116)
2026-02-04 03:49:45,126 - INFO - ✅ Generated Requirement and restrictions
2026-02-04 03:49:45,126 - INFO - ✅ All components processed
2026-02-04 03:49:45,126 - INFO - 🧩 Assembling scenario by concatenating components
2026-02-04 03:49:45,126 - INFO - 🔍 Available components: ['Header', 'Spatial Relation', 'Ego', 'Adversarials', 'Requirement and restrictions']
2026-02-04 03:49:45,126 - INFO - ✅ Added Header code
2026-02-04 03:49:45,133 - INFO - ✅ Added Spatial Relation code
2026-02-04 03:49:45,133 - INFO - ✅ Added Ego code
2026-02-04 03:49:45,133 - INFO - ✅ Added Adversarials code
2026-02-04 03:49:45,133 - INFO - ✅ Added Adversarials code
2026-02-04 03:49:45,133 - INFO - ✅ Added Requirement and restrictions code
2026-02-04 03:49:45,133 - INFO - ==============================
2026-02-04 03:49:45,133 - INFO - SCENARIO GENERATION SUMMARY
2026-02-04 03:49:45,133 - INFO - ==============================
2026-02-04 03:49:45,133 - INFO - Total Generation Time: 3m 0.51s
2026-02-04 03:49:45,133 - INFO - 
2026-02-04 03:49:45,133 - INFO - Component Sources:
2026-02-04 03:49:45,133 - INFO - ------------------------------
2026-02-04 03:49:45,133 - INFO -   Header                         -> GENERATED
2026-02-04 03:49:45,133 - INFO -   Ego                            -> GENERATED
2026-02-04 03:49:45,133 - INFO -   Adversarials 0                 -> GENERATED
2026-02-04 03:49:45,133 - INFO -   Adversarials 1                 -> GENERATED
2026-02-04 03:49:45,133 - INFO -   Spatial Relation               -> GENERATED
2026-02-04 03:49:45,133 - INFO -   Requirement and restrictions   -> GENERATED
2026-02-04 03:49:45,133 - INFO - ==============================
2026-02-04 03:49:45,137 - INFO - 📊 Generation summary written to: results\20260204_7937_the_ego_vehicle_is_performing\generation_summary.json
2026-02-04 03:49:45,137 - INFO - ✅ Scenario 014: Logs -> results\20260204_7937_the_ego_vehicle_is_performing | Status: SUCCESS
2026-02-04 03:49:45,296 - INFO - 
================================================================================
2026-02-04 03:49:45,296 - INFO - 🚀 Processing Scenario 15/40
2026-02-04 03:49:45,297 - INFO - 📝 Description: The ego vehicle is preparing to change lanes to evade a slow-moving leading vehicle; the adversarial car in the target lane starts weaving between lanes, making it difficult for the ego vehicle to predict its position and safely execute the lane change.
2026-02-04 03:49:45,297 - INFO - ================================================================================

2026-02-04 03:49:45,306 - INFO - Load pretrained SentenceTransformer: sentence-transformers/all-MiniLM-L6-v2
2026-02-04 03:49:47,315 - WARNING - Failed to initialize AsyncMilvusClient during Milvus initialization: <ConnectionConfigException: (code=1, message=Cannot create async connection: no running event loop. Please ensure you are running in an async context.)>. Async operations will be unavailable until AsyncMilvusClient is successfully created.
2026-02-04 03:49:47,464 - INFO - Load pretrained SentenceTransformer: sentence-transformers/all-MiniLM-L6-v2
2026-02-04 03:49:49,496 - INFO - 📊 Generation summary written to: results\20260204_7937_the_ego_vehicle_is_performing\generation_summary.json
2026-02-04 03:49:49,496 - INFO - 📁 AgentLogger initialized. Logs will be saved to: results\20260204_6927_the_ego_vehicle_is_preparing
2026-02-04 03:49:54,830 - INFO - 🔍 Auto-detecting settings from user query...
2026-02-04 03:50:09,918 - INFO - ⚠️ Low confidence (0.00) in auto-detection, using defaults
2026-02-04 03:50:09,918 - INFO - 🗺️ Using default map: Town05
2026-02-04 03:50:09,918 - INFO - 🌤️ Using default weather: ClearNoon
2026-02-04 03:50:09,918 - INFO - 🚗 Using default blueprint: vehicle.lincoln.mkz_2017
2026-02-04 03:50:09,927 - INFO - 🎨 Generating Header component
2026-02-04 03:50:12,583 - INFO - 🔍 Searching for scenarios
2026-02-04 03:50:12,602 - INFO - ✅ Selected scenario: chatscene_07
2026-02-04 03:50:12,605 - INFO - 📝 Always Generate Mode: Preparing to generate all components from scratch
2026-02-04 03:50:12,605 - INFO - 🛠️ Component Ego marked for mandatory generation
2026-02-04 03:50:12,605 - INFO - 🛠️ Component Adversarials marked for mandatory generation
2026-02-04 03:50:12,605 - INFO - 🛠️ Component Spatial Relation marked for mandatory generation
2026-02-04 03:50:12,606 - INFO - 🛠️ Component Requirement and restrictions marked for mandatory generation
2026-02-04 03:50:12,607 - INFO - 🔍 Searching better matches for 4 components: ['Ego', 'Adversarials', 'Spatial Relation', 'Requirement and restrictions']
2026-02-04 03:50:12,608 - INFO -  🛠️ Processing component: Spatial Relation
2026-02-04 03:50:12,609 - INFO - 🛠️ Processing Spatial Relation
2026-02-04 03:50:12,609 - INFO - 🛠️ Generating new Spatial Relation
2026-02-04 03:50:31,222 - INFO - ✅ Generated new component: Spatial Relation (length: 730)
2026-02-04 03:50:31,222 - INFO - ✅ Generated Spatial Relation
2026-02-04 03:50:31,223 - INFO -  🛠️ Processing component: Ego
2026-02-04 03:50:31,223 - INFO - 🛠️ Processing Ego
2026-02-04 03:50:31,223 - INFO - 🛠️ Generating new Ego
2026-02-04 03:50:42,847 - INFO - ✅ Generated new component: Ego (length: 648)
2026-02-04 03:50:42,848 - INFO - ✅ Generated Ego
2026-02-04 03:50:42,848 - INFO -  🛠️ Processing component: Adversarials
2026-02-04 03:50:42,848 - INFO - 🛠️ Generating new Adversarial 1
2026-02-04 03:51:09,616 - INFO - ✅ Generated new component: Adversarial (length: 175)
2026-02-04 03:51:09,617 - INFO - ✅ Generated Adversarial 1
2026-02-04 03:51:09,617 - INFO - 🛠️ Generating new Adversarial 2
2026-02-04 03:52:09,329 - INFO - ✅ Generated new component: Adversarial (length: 1313)
2026-02-04 03:52:09,329 - INFO - ✅ Generated Adversarial 2
2026-02-04 03:52:09,329 - INFO -  🛠️ Processing component: Requirement and restrictions
2026-02-04 03:52:09,329 - INFO - 🛠️ Processing Requirement and restrictions
2026-02-04 03:52:09,329 - INFO - 🛠️ Generating new Requirement and restrictions
2026-02-04 03:52:46,188 - INFO - ✅ Generated new component: Requirement and restrictions (length: 722)
2026-02-04 03:52:46,188 - INFO - ✅ Generated Requirement and restrictions
2026-02-04 03:52:46,188 - INFO - ✅ All components processed
2026-02-04 03:52:46,188 - INFO - 🧩 Assembling scenario by concatenating components
2026-02-04 03:52:46,188 - INFO - 🔍 Available components: ['Header', 'Spatial Relation', 'Ego', 'Adversarials', 'Requirement and restrictions']
2026-02-04 03:52:46,188 - INFO - ✅ Added Header code
2026-02-04 03:52:46,188 - INFO - ✅ Added Spatial Relation code
2026-02-04 03:52:46,188 - INFO - ✅ Added Ego code
2026-02-04 03:52:46,188 - INFO - ✅ Added Adversarials code
2026-02-04 03:52:46,188 - INFO - ✅ Added Adversarials code
2026-02-04 03:52:46,188 - INFO - ✅ Added Requirement and restrictions code
2026-02-04 03:52:46,188 - INFO - ==============================
2026-02-04 03:52:46,188 - INFO - SCENARIO GENERATION SUMMARY
2026-02-04 03:52:46,188 - INFO - ==============================
2026-02-04 03:52:46,188 - INFO - Total Generation Time: 2m 51.36s
2026-02-04 03:52:46,188 - INFO - 
2026-02-04 03:52:46,188 - INFO - Component Sources:
2026-02-04 03:52:46,188 - INFO - ------------------------------
2026-02-04 03:52:46,188 - INFO -   Header                         -> GENERATED
2026-02-04 03:52:46,188 - INFO -   Ego                            -> GENERATED
2026-02-04 03:52:46,188 - INFO -   Adversarials 0                 -> GENERATED
2026-02-04 03:52:46,188 - INFO -   Adversarials 1                 -> GENERATED
2026-02-04 03:52:46,188 - INFO -   Spatial Relation               -> GENERATED
2026-02-04 03:52:46,188 - INFO -   Requirement and restrictions   -> GENERATED
2026-02-04 03:52:46,188 - INFO - ==============================
2026-02-04 03:52:46,202 - INFO - 📊 Generation summary written to: results\20260204_6927_the_ego_vehicle_is_preparing\generation_summary.json
2026-02-04 03:52:46,202 - INFO - ✅ Scenario 015: Logs -> results\20260204_6927_the_ego_vehicle_is_preparing | Status: SUCCESS
2026-02-04 03:52:46,406 - INFO - 
================================================================================
2026-02-04 03:52:46,407 - INFO - 🚀 Processing Scenario 16/40
2026-02-04 03:52:46,407 - INFO - 📝 Description: The ego approaches a parked car that is blocking its lane and must use the opposite lane to bypass the vehicle, cautiously monitoring oncoming traffic, and suddenly encounters a jaywalking pedestrian, requiring the ego to quickly assess the situation and respond appropriately to avoid a collision.
2026-02-04 03:52:46,408 - INFO - ================================================================================

2026-02-04 03:52:46,416 - INFO - Load pretrained SentenceTransformer: sentence-transformers/all-MiniLM-L6-v2
2026-02-04 03:52:48,570 - WARNING - Failed to initialize AsyncMilvusClient during Milvus initialization: <ConnectionConfigException: (code=1, message=Cannot create async connection: no running event loop. Please ensure you are running in an async context.)>. Async operations will be unavailable until AsyncMilvusClient is successfully created.
2026-02-04 03:52:48,725 - INFO - Load pretrained SentenceTransformer: sentence-transformers/all-MiniLM-L6-v2
2026-02-04 03:52:50,797 - INFO - 📊 Generation summary written to: results\20260204_6927_the_ego_vehicle_is_preparing\generation_summary.json
2026-02-04 03:52:50,798 - INFO - 📁 AgentLogger initialized. Logs will be saved to: results\20260204_8321_the_ego_approaches_a_parked
2026-02-04 03:52:56,656 - INFO - 🔍 Auto-detecting settings from user query...
2026-02-04 03:53:10,010 - INFO - ⚠️ Low confidence (0.50) in auto-detection, using defaults
2026-02-04 03:53:10,010 - INFO - 🗺️ Using default map: Town05
2026-02-04 03:53:10,010 - INFO - 🌤️ Using default weather: ClearNoon
2026-02-04 03:53:10,010 - INFO - 🚗 Using default blueprint: vehicle.lincoln.mkz_2017
2026-02-04 03:53:10,015 - INFO - 🎨 Generating Header component
2026-02-04 03:53:12,207 - INFO - 🔍 Searching for scenarios
2026-02-04 03:53:12,225 - INFO - ✅ Selected scenario: chatscene_08
2026-02-04 03:53:12,228 - INFO - 📝 Always Generate Mode: Preparing to generate all components from scratch
2026-02-04 03:53:12,229 - INFO - 🛠️ Component Ego marked for mandatory generation
2026-02-04 03:53:12,229 - INFO - 🛠️ Component Adversarials marked for mandatory generation
2026-02-04 03:53:12,229 - INFO - 🛠️ Component Spatial Relation marked for mandatory generation
2026-02-04 03:53:12,229 - INFO - 🛠️ Component Requirement and restrictions marked for mandatory generation
2026-02-04 03:53:12,231 - INFO - 🔍 Searching better matches for 4 components: ['Ego', 'Adversarials', 'Spatial Relation', 'Requirement and restrictions']
2026-02-04 03:53:12,231 - INFO -  🛠️ Processing component: Spatial Relation
2026-02-04 03:53:12,232 - INFO - 🛠️ Processing Spatial Relation
2026-02-04 03:53:12,232 - INFO - 🛠️ Generating new Spatial Relation
2026-02-04 03:53:48,472 - INFO - ✅ Generated new component: Spatial Relation (length: 996)
2026-02-04 03:53:48,472 - INFO - ✅ Generated Spatial Relation
2026-02-04 03:53:48,478 - INFO -  🛠️ Processing component: Ego
2026-02-04 03:53:48,478 - INFO - 🛠️ Processing Ego
2026-02-04 03:53:48,478 - INFO - 🛠️ Generating new Ego
2026-02-04 03:54:13,771 - INFO - ✅ Generated new component: Ego (length: 766)
2026-02-04 03:54:13,772 - INFO - ✅ Generated Ego
2026-02-04 03:54:13,772 - INFO -  🛠️ Processing component: Adversarials
2026-02-04 03:54:13,772 - INFO - 🛠️ Generating new Adversarial 1
2026-02-04 03:54:19,959 - INFO - ✅ Generated new component: Adversarial (length: 109)
2026-02-04 03:54:19,959 - INFO - ✅ Generated Adversarial 1
2026-02-04 03:54:19,959 - INFO - 🛠️ Generating new Adversarial 2
2026-02-04 03:54:30,146 - INFO - ✅ Generated new component: Adversarial (length: 344)
2026-02-04 03:54:30,146 - INFO - ✅ Generated Adversarial 2
2026-02-04 03:54:30,146 - INFO -  🛠️ Processing component: Requirement and restrictions
2026-02-04 03:54:30,146 - INFO - 🛠️ Processing Requirement and restrictions
2026-02-04 03:54:30,148 - INFO - 🛠️ Generating new Requirement and restrictions
2026-02-04 03:55:09,068 - INFO - ✅ Generated new component: Requirement and restrictions (length: 532)
2026-02-04 03:55:09,068 - INFO - ✅ Generated Requirement and restrictions
2026-02-04 03:55:09,068 - INFO - ✅ All components processed
2026-02-04 03:55:09,068 - INFO - 🧩 Assembling scenario by concatenating components
2026-02-04 03:55:09,068 - INFO - 🔍 Available components: ['Header', 'Spatial Relation', 'Ego', 'Adversarials', 'Requirement and restrictions']
2026-02-04 03:55:09,068 - INFO - ✅ Added Header code
2026-02-04 03:55:09,068 - INFO - ✅ Added Spatial Relation code
2026-02-04 03:55:09,068 - INFO - ✅ Added Ego code
2026-02-04 03:55:09,068 - INFO - ✅ Added Adversarials code
2026-02-04 03:55:09,068 - INFO - ✅ Added Adversarials code
2026-02-04 03:55:09,068 - INFO - ✅ Added Requirement and restrictions code
2026-02-04 03:55:09,068 - INFO - ==============================
2026-02-04 03:55:09,068 - INFO - SCENARIO GENERATION SUMMARY
2026-02-04 03:55:09,068 - INFO - ==============================
2026-02-04 03:55:09,068 - INFO - Total Generation Time: 2m 12.41s
2026-02-04 03:55:09,068 - INFO - 
2026-02-04 03:55:09,068 - INFO - Component Sources:
2026-02-04 03:55:09,068 - INFO - ------------------------------
2026-02-04 03:55:09,068 - INFO -   Header                         -> GENERATED
2026-02-04 03:55:09,068 - INFO -   Ego                            -> GENERATED
2026-02-04 03:55:09,068 - INFO -   Adversarials 0                 -> GENERATED
2026-02-04 03:55:09,068 - INFO -   Adversarials 1                 -> GENERATED
2026-02-04 03:55:09,068 - INFO -   Spatial Relation               -> GENERATED
2026-02-04 03:55:09,068 - INFO -   Requirement and restrictions   -> GENERATED
2026-02-04 03:55:09,068 - INFO - ==============================
2026-02-04 03:55:09,078 - INFO - 📊 Generation summary written to: results\20260204_8321_the_ego_approaches_a_parked\generation_summary.json
2026-02-04 03:55:09,079 - INFO - ✅ Scenario 016: Logs -> results\20260204_8321_the_ego_approaches_a_parked | Status: SUCCESS
2026-02-04 03:55:09,252 - INFO - 
================================================================================
2026-02-04 03:55:09,252 - INFO - 🚀 Processing Scenario 17/40
2026-02-04 03:55:09,252 - INFO - 📝 Description: The ego encounters a parked car blocking its lane and must use the opposite lane to bypass the vehicle, carefully assessing the situation and yielding to oncoming traffic, when an oncoming motorcyclist swerves into the lane unexpectedly, necessitating the ego to brake or maneuver to avoid a potential accident.
2026-02-04 03:55:09,252 - INFO - ================================================================================

2026-02-04 03:55:09,267 - INFO - Load pretrained SentenceTransformer: sentence-transformers/all-MiniLM-L6-v2
2026-02-04 03:55:11,366 - WARNING - Failed to initialize AsyncMilvusClient during Milvus initialization: <ConnectionConfigException: (code=1, message=Cannot create async connection: no running event loop. Please ensure you are running in an async context.)>. Async operations will be unavailable until AsyncMilvusClient is successfully created.
2026-02-04 03:55:11,526 - INFO - Load pretrained SentenceTransformer: sentence-transformers/all-MiniLM-L6-v2
2026-02-04 03:55:13,494 - INFO - 📊 Generation summary written to: results\20260204_8321_the_ego_approaches_a_parked\generation_summary.json
2026-02-04 03:55:13,494 - INFO - 📁 AgentLogger initialized. Logs will be saved to: results\20260204_7532_the_ego_encounters_a_parked
2026-02-04 03:55:19,544 - INFO - 🔍 Auto-detecting settings from user query...
2026-02-04 03:55:30,319 - INFO - ⚠️ Low confidence (0.40) in auto-detection, using defaults
2026-02-04 03:55:30,319 - INFO - 🗺️ Using default map: Town05
2026-02-04 03:55:30,327 - INFO - 🌤️ Using default weather: ClearNoon
2026-02-04 03:55:30,327 - INFO - 🚗 Using default blueprint: vehicle.lincoln.mkz_2017
2026-02-04 03:55:30,327 - INFO - 🎨 Generating Header component
2026-02-04 03:55:32,908 - INFO - 🔍 Searching for scenarios
2026-02-04 03:55:32,925 - INFO - ✅ Selected scenario: chatscene_09
2026-02-04 03:55:32,927 - INFO - 📝 Always Generate Mode: Preparing to generate all components from scratch
2026-02-04 03:55:32,927 - INFO - 🛠️ Component Ego marked for mandatory generation
2026-02-04 03:55:32,928 - INFO - 🛠️ Component Adversarials marked for mandatory generation
2026-02-04 03:55:32,928 - INFO - 🛠️ Component Spatial Relation marked for mandatory generation
2026-02-04 03:55:32,928 - INFO - 🛠️ Component Requirement and restrictions marked for mandatory generation
2026-02-04 03:55:32,930 - INFO - 🔍 Searching better matches for 4 components: ['Ego', 'Adversarials', 'Spatial Relation', 'Requirement and restrictions']
2026-02-04 03:55:32,931 - INFO -  🛠️ Processing component: Spatial Relation
2026-02-04 03:55:32,931 - INFO - 🛠️ Processing Spatial Relation
2026-02-04 03:55:32,931 - INFO - 🛠️ Generating new Spatial Relation
2026-02-04 03:56:43,434 - INFO - ✅ Generated new component: Spatial Relation (length: 873)
2026-02-04 03:56:43,434 - INFO - ✅ Generated Spatial Relation
2026-02-04 03:56:43,434 - INFO -  🛠️ Processing component: Ego
2026-02-04 03:56:43,434 - INFO - 🛠️ Processing Ego
2026-02-04 03:56:43,434 - INFO - 🛠️ Generating new Ego
2026-02-04 03:57:53,037 - INFO - ✅ Generated new component: Ego (length: 1607)
2026-02-04 03:57:53,037 - INFO - ✅ Generated Ego
2026-02-04 03:57:53,037 - INFO -  🛠️ Processing component: Adversarials
2026-02-04 03:57:53,037 - INFO - 🛠️ Generating new Adversarial 1
2026-02-04 03:59:11,309 - INFO - ✅ Generated new component: Adversarial (length: 113)
2026-02-04 03:59:11,309 - INFO - ✅ Generated Adversarial 1
2026-02-04 03:59:11,309 - INFO - 🛠️ Generating new Adversarial 2
2026-02-04 04:00:31,613 - INFO - ✅ Generated new component: Adversarial (length: 652)
2026-02-04 04:00:31,615 - INFO - ✅ Generated Adversarial 2
2026-02-04 04:00:31,615 - INFO -  🛠️ Processing component: Requirement and restrictions
2026-02-04 04:00:31,615 - INFO - 🛠️ Processing Requirement and restrictions
2026-02-04 04:00:31,615 - INFO - 🛠️ Generating new Requirement and restrictions
2026-02-04 04:01:00,459 - INFO - ✅ Generated new component: Requirement and restrictions (length: 129)
2026-02-04 04:01:00,459 - INFO - ✅ Generated Requirement and restrictions
2026-02-04 04:01:00,459 - INFO - ✅ All components processed
2026-02-04 04:01:00,461 - INFO - 🧩 Assembling scenario by concatenating components
2026-02-04 04:01:00,461 - INFO - 🔍 Available components: ['Header', 'Spatial Relation', 'Ego', 'Adversarials', 'Requirement and restrictions']
2026-02-04 04:01:00,461 - INFO - ✅ Added Header code
2026-02-04 04:01:00,462 - INFO - ✅ Added Spatial Relation code
2026-02-04 04:01:00,462 - INFO - ✅ Added Ego code
2026-02-04 04:01:00,462 - INFO - ✅ Added Adversarials code
2026-02-04 04:01:00,462 - INFO - ✅ Added Adversarials code
2026-02-04 04:01:00,462 - INFO - ✅ Added Requirement and restrictions code
2026-02-04 04:01:00,463 - INFO - ==============================
2026-02-04 04:01:00,463 - INFO - SCENARIO GENERATION SUMMARY
2026-02-04 04:01:00,463 - INFO - ==============================
2026-02-04 04:01:00,463 - INFO - Total Generation Time: 5m 40.92s
2026-02-04 04:01:00,463 - INFO - 
2026-02-04 04:01:00,463 - INFO - Component Sources:
2026-02-04 04:01:00,463 - INFO - ------------------------------
2026-02-04 04:01:00,463 - INFO -   Header                         -> GENERATED
2026-02-04 04:01:00,463 - INFO -   Ego                            -> GENERATED
2026-02-04 04:01:00,463 - INFO -   Adversarials 0                 -> GENERATED
2026-02-04 04:01:00,463 - INFO -   Adversarials 1                 -> GENERATED
2026-02-04 04:01:00,465 - INFO -   Spatial Relation               -> GENERATED
2026-02-04 04:01:00,465 - INFO -   Requirement and restrictions   -> GENERATED
2026-02-04 04:01:00,465 - INFO - ==============================
2026-02-04 04:01:00,477 - INFO - 📊 Generation summary written to: results\20260204_7532_the_ego_encounters_a_parked\generation_summary.json
2026-02-04 04:01:00,479 - INFO - ✅ Scenario 017: Logs -> results\20260204_7532_the_ego_encounters_a_parked | Status: SUCCESS
2026-02-04 04:01:00,690 - INFO - 
================================================================================
2026-02-04 04:01:00,690 - INFO - 🚀 Processing Scenario 18/40
2026-02-04 04:01:00,690 - INFO - 📝 Description: The ego encounters a parked car blocking its lane and must use the opposite lane to bypass the vehicle when an oncoming pedestrian enters the lane without warning and suddenly stop, necessitating the ego to brake sharply or steer to avoid hitting the pedestrian.
2026-02-04 04:01:00,690 - INFO - ================================================================================

2026-02-04 04:01:00,705 - INFO - Load pretrained SentenceTransformer: sentence-transformers/all-MiniLM-L6-v2
2026-02-04 04:01:02,843 - WARNING - Failed to initialize AsyncMilvusClient during Milvus initialization: <ConnectionConfigException: (code=1, message=Cannot create async connection: no running event loop. Please ensure you are running in an async context.)>. Async operations will be unavailable until AsyncMilvusClient is successfully created.
2026-02-04 04:01:02,997 - INFO - Load pretrained SentenceTransformer: sentence-transformers/all-MiniLM-L6-v2
2026-02-04 04:01:05,058 - INFO - 📊 Generation summary written to: results\20260204_7532_the_ego_encounters_a_parked\generation_summary.json
2026-02-04 04:01:05,058 - INFO - 📁 AgentLogger initialized. Logs will be saved to: results\20260204_7891_the_ego_encounters_a_parked
2026-02-04 04:01:09,732 - INFO - 🔍 Auto-detecting settings from user query...
2026-02-04 04:01:26,682 - INFO - ⚠️ Low confidence (0.00) in auto-detection, using defaults
2026-02-04 04:01:26,687 - INFO - 🗺️ Using default map: Town05
2026-02-04 04:01:26,687 - INFO - 🌤️ Using default weather: ClearNoon
2026-02-04 04:01:26,687 - INFO - 🚗 Using default blueprint: vehicle.lincoln.mkz_2017
2026-02-04 04:01:26,689 - INFO - 🎨 Generating Header component
2026-02-04 04:01:29,440 - INFO - 🔍 Searching for scenarios
2026-02-04 04:01:29,461 - INFO - ✅ Selected scenario: chatscene_08
2026-02-04 04:01:29,464 - INFO - 📝 Always Generate Mode: Preparing to generate all components from scratch
2026-02-04 04:01:29,465 - INFO - 🛠️ Component Ego marked for mandatory generation
2026-02-04 04:01:29,465 - INFO - 🛠️ Component Adversarials marked for mandatory generation
2026-02-04 04:01:29,465 - INFO - 🛠️ Component Spatial Relation marked for mandatory generation
2026-02-04 04:01:29,465 - INFO - 🛠️ Component Requirement and restrictions marked for mandatory generation
2026-02-04 04:01:29,466 - INFO - 🔍 Searching better matches for 4 components: ['Ego', 'Adversarials', 'Spatial Relation', 'Requirement and restrictions']
2026-02-04 04:01:29,467 - INFO -  🛠️ Processing component: Spatial Relation
2026-02-04 04:01:29,468 - INFO - 🛠️ Processing Spatial Relation
2026-02-04 04:01:29,468 - INFO - 🛠️ Generating new Spatial Relation
2026-02-04 04:02:06,778 - INFO - ✅ Generated new component: Spatial Relation (length: 840)
2026-02-04 04:02:06,778 - INFO - ✅ Generated Spatial Relation
2026-02-04 04:02:06,778 - INFO -  🛠️ Processing component: Ego
2026-02-04 04:02:06,778 - INFO - 🛠️ Processing Ego
2026-02-04 04:02:06,778 - INFO - 🛠️ Generating new Ego
2026-02-04 04:02:24,393 - INFO - ✅ Generated new component: Ego (length: 722)
2026-02-04 04:02:24,393 - INFO - ✅ Generated Ego
2026-02-04 04:02:24,393 - INFO -  🛠️ Processing component: Adversarials
2026-02-04 04:02:24,393 - INFO - 🛠️ Generating new Adversarial 1
2026-02-04 04:02:31,596 - INFO - ✅ Generated new component: Adversarial (length: 141)
2026-02-04 04:02:31,596 - INFO - ✅ Generated Adversarial 1
2026-02-04 04:02:31,596 - INFO - 🛠️ Generating new Adversarial 2
2026-02-04 04:03:53,069 - INFO - ✅ Generated new component: Adversarial (length: 646)
2026-02-04 04:03:53,069 - INFO - ✅ Generated Adversarial 2
2026-02-04 04:03:53,069 - INFO -  🛠️ Processing component: Requirement and restrictions
2026-02-04 04:03:53,069 - INFO - 🛠️ Processing Requirement and restrictions
2026-02-04 04:03:53,069 - INFO - 🛠️ Generating new Requirement and restrictions
2026-02-04 04:04:33,567 - INFO - ✅ Generated new component: Requirement and restrictions (length: 198)
2026-02-04 04:04:33,567 - INFO - ✅ Generated Requirement and restrictions
2026-02-04 04:04:33,568 - INFO - ✅ All components processed
2026-02-04 04:04:33,569 - INFO - 🧩 Assembling scenario by concatenating components
2026-02-04 04:04:33,570 - INFO - 🔍 Available components: ['Header', 'Spatial Relation', 'Ego', 'Adversarials', 'Requirement and restrictions']
2026-02-04 04:04:33,570 - INFO - ✅ Added Header code
2026-02-04 04:04:33,571 - INFO - ✅ Added Spatial Relation code
2026-02-04 04:04:33,571 - INFO - ✅ Added Ego code
2026-02-04 04:04:33,571 - INFO - ✅ Added Adversarials code
2026-02-04 04:04:33,571 - INFO - ✅ Added Adversarials code
2026-02-04 04:04:33,572 - INFO - ✅ Added Requirement and restrictions code
2026-02-04 04:04:33,572 - INFO - ==============================
2026-02-04 04:04:33,572 - INFO - SCENARIO GENERATION SUMMARY
2026-02-04 04:04:33,572 - INFO - ==============================
2026-02-04 04:04:33,572 - INFO - Total Generation Time: 3m 23.84s
2026-02-04 04:04:33,572 - INFO - 
2026-02-04 04:04:33,573 - INFO - Component Sources:
2026-02-04 04:04:33,573 - INFO - ------------------------------
2026-02-04 04:04:33,573 - INFO -   Header                         -> GENERATED
2026-02-04 04:04:33,573 - INFO -   Ego                            -> GENERATED
2026-02-04 04:04:33,573 - INFO -   Adversarials 0                 -> GENERATED
2026-02-04 04:04:33,573 - INFO -   Adversarials 1                 -> GENERATED
2026-02-04 04:04:33,573 - INFO -   Spatial Relation               -> GENERATED
2026-02-04 04:04:33,574 - INFO -   Requirement and restrictions   -> GENERATED
2026-02-04 04:04:33,574 - INFO - ==============================
2026-02-04 04:04:33,577 - INFO - 📊 Generation summary written to: results\20260204_7891_the_ego_encounters_a_parked\generation_summary.json
2026-02-04 04:04:33,577 - INFO - ✅ Scenario 018: Logs -> results\20260204_7891_the_ego_encounters_a_parked | Status: SUCCESS
2026-02-04 04:04:33,765 - INFO - 
================================================================================
2026-02-04 04:04:33,765 - INFO - 🚀 Processing Scenario 19/40
2026-02-04 04:04:33,765 - INFO - 📝 Description: The ego approaches a parked car obstructing its lane and must use the opposite lane to go around when an oncoming car suddenly turns into the ego's path without signaling, requiring the ego to react quickly and take evasive action to prevent a collision.
2026-02-04 04:04:33,765 - INFO - ================================================================================

2026-02-04 04:04:33,778 - INFO - Load pretrained SentenceTransformer: sentence-transformers/all-MiniLM-L6-v2
2026-02-04 04:04:35,951 - WARNING - Failed to initialize AsyncMilvusClient during Milvus initialization: <ConnectionConfigException: (code=1, message=Cannot create async connection: no running event loop. Please ensure you are running in an async context.)>. Async operations will be unavailable until AsyncMilvusClient is successfully created.
2026-02-04 04:04:36,098 - INFO - Load pretrained SentenceTransformer: sentence-transformers/all-MiniLM-L6-v2
2026-02-04 04:04:38,205 - INFO - 📊 Generation summary written to: results\20260204_7891_the_ego_encounters_a_parked\generation_summary.json
2026-02-04 04:04:38,205 - INFO - 📁 AgentLogger initialized. Logs will be saved to: results\20260204_4041_the_ego_approaches_a_parked
2026-02-04 04:04:46,209 - INFO - 🔍 Auto-detecting settings from user query...
2026-02-04 04:04:57,958 - INFO - ⚠️ Low confidence (0.50) in auto-detection, using defaults
2026-02-04 04:04:57,958 - INFO - 🗺️ Using default map: Town05
2026-02-04 04:04:57,958 - INFO - 🌤️ Using default weather: ClearNoon
2026-02-04 04:04:57,959 - INFO - 🚗 Using default blueprint: vehicle.lincoln.mkz_2017
2026-02-04 04:04:57,962 - INFO - 🎨 Generating Header component
2026-02-04 04:04:59,566 - INFO - 🔍 Searching for scenarios
2026-02-04 04:04:59,586 - INFO - ✅ Selected scenario: chatscene_11
2026-02-04 04:04:59,589 - INFO - 📝 Always Generate Mode: Preparing to generate all components from scratch
2026-02-04 04:04:59,590 - INFO - 🛠️ Component Ego marked for mandatory generation
2026-02-04 04:04:59,590 - INFO - 🛠️ Component Adversarials marked for mandatory generation
2026-02-04 04:04:59,590 - INFO - 🛠️ Component Spatial Relation marked for mandatory generation
2026-02-04 04:04:59,591 - INFO - 🛠️ Component Requirement and restrictions marked for mandatory generation
2026-02-04 04:04:59,592 - INFO - 🔍 Searching better matches for 4 components: ['Ego', 'Adversarials', 'Spatial Relation', 'Requirement and restrictions']
2026-02-04 04:04:59,593 - INFO -  🛠️ Processing component: Spatial Relation
2026-02-04 04:04:59,594 - INFO - 🛠️ Processing Spatial Relation
2026-02-04 04:04:59,594 - INFO - 🛠️ Generating new Spatial Relation
2026-02-04 04:06:15,033 - INFO - ✅ Generated new component: Spatial Relation (length: 1042)
2026-02-04 04:06:15,033 - INFO - ✅ Generated Spatial Relation
2026-02-04 04:06:15,033 - INFO -  🛠️ Processing component: Ego
2026-02-04 04:06:15,034 - INFO - 🛠️ Processing Ego
2026-02-04 04:06:15,034 - INFO - 🛠️ Generating new Ego
2026-02-04 04:07:19,224 - INFO - ✅ Generated new component: Ego (length: 1104)
2026-02-04 04:07:19,224 - INFO - ✅ Generated Ego
2026-02-04 04:07:19,224 - INFO -  🛠️ Processing component: Adversarials
2026-02-04 04:07:19,224 - INFO - 🛠️ Generating new Adversarial 1
2026-02-04 04:07:57,086 - INFO - ✅ Generated new component: Adversarial (length: 98)
2026-02-04 04:07:57,086 - INFO - ✅ Generated Adversarial 1
2026-02-04 04:07:57,086 - INFO - 🛠️ Generating new Adversarial 2
2026-02-04 04:08:22,583 - INFO - ✅ Generated new component: Adversarial (length: 623)
2026-02-04 04:08:22,583 - INFO - ✅ Generated Adversarial 2
2026-02-04 04:08:22,591 - INFO -  🛠️ Processing component: Requirement and restrictions
2026-02-04 04:08:22,591 - INFO - 🛠️ Processing Requirement and restrictions
2026-02-04 04:08:22,591 - INFO - 🛠️ Generating new Requirement and restrictions
2026-02-04 04:09:29,701 - INFO - ✅ Generated new component: Requirement and restrictions (length: 144)
2026-02-04 04:09:29,701 - INFO - ✅ Generated Requirement and restrictions
2026-02-04 04:09:29,702 - INFO - ✅ All components processed
2026-02-04 04:09:29,703 - INFO - 🧩 Assembling scenario by concatenating components
2026-02-04 04:09:29,704 - INFO - 🔍 Available components: ['Header', 'Spatial Relation', 'Ego', 'Adversarials', 'Requirement and restrictions']
2026-02-04 04:09:29,704 - INFO - ✅ Added Header code
2026-02-04 04:09:29,704 - INFO - ✅ Added Spatial Relation code
2026-02-04 04:09:29,705 - INFO - ✅ Added Ego code
2026-02-04 04:09:29,705 - INFO - ✅ Added Adversarials code
2026-02-04 04:09:29,705 - INFO - ✅ Added Adversarials code
2026-02-04 04:09:29,705 - INFO - ✅ Added Requirement and restrictions code
2026-02-04 04:09:29,705 - INFO - ==============================
2026-02-04 04:09:29,705 - INFO - SCENARIO GENERATION SUMMARY
2026-02-04 04:09:29,705 - INFO - ==============================
2026-02-04 04:09:29,705 - INFO - Total Generation Time: 4m 43.50s
2026-02-04 04:09:29,706 - INFO - 
2026-02-04 04:09:29,706 - INFO - Component Sources:
2026-02-04 04:09:29,706 - INFO - ------------------------------
2026-02-04 04:09:29,706 - INFO -   Header                         -> GENERATED
2026-02-04 04:09:29,706 - INFO -   Ego                            -> GENERATED
2026-02-04 04:09:29,707 - INFO -   Adversarials 0                 -> GENERATED
2026-02-04 04:09:29,707 - INFO -   Adversarials 1                 -> GENERATED
2026-02-04 04:09:29,707 - INFO -   Spatial Relation               -> GENERATED
2026-02-04 04:09:29,707 - INFO -   Requirement and restrictions   -> GENERATED
2026-02-04 04:09:29,707 - INFO - ==============================
2026-02-04 04:09:29,711 - INFO - 📊 Generation summary written to: results\20260204_4041_the_ego_approaches_a_parked\generation_summary.json
2026-02-04 04:09:29,711 - INFO - ✅ Scenario 019: Logs -> results\20260204_4041_the_ego_approaches_a_parked | Status: SUCCESS
2026-02-04 04:09:29,895 - INFO - 
================================================================================
2026-02-04 04:09:29,895 - INFO - 🚀 Processing Scenario 20/40
2026-02-04 04:09:29,895 - INFO - 📝 Description: The ego encounters a parked car blocking its lane and must use the opposite lane to bypass the vehicle when an oncoming car suddenly accelerates, closing the gap for the ego to safely return to its lane, necessitating the ego to quickly decide whether to accelerate or brake to avoid a collision.
2026-02-04 04:09:29,896 - INFO - ================================================================================

2026-02-04 04:09:29,909 - INFO - Load pretrained SentenceTransformer: sentence-transformers/all-MiniLM-L6-v2
2026-02-04 04:09:32,215 - WARNING - Failed to initialize AsyncMilvusClient during Milvus initialization: <ConnectionConfigException: (code=1, message=Cannot create async connection: no running event loop. Please ensure you are running in an async context.)>. Async operations will be unavailable until AsyncMilvusClient is successfully created.
2026-02-04 04:09:32,368 - INFO - Load pretrained SentenceTransformer: sentence-transformers/all-MiniLM-L6-v2
2026-02-04 04:09:34,376 - INFO - 📊 Generation summary written to: results\20260204_4041_the_ego_approaches_a_parked\generation_summary.json
2026-02-04 04:09:34,383 - INFO - 📁 AgentLogger initialized. Logs will be saved to: results\20260204_8922_the_ego_encounters_a_parked
2026-02-04 04:09:39,572 - INFO - 🔍 Auto-detecting settings from user query...
2026-02-04 04:09:49,374 - INFO - ⚠️ Low confidence (0.00) in auto-detection, using defaults
2026-02-04 04:09:49,374 - INFO - 🗺️ Using default map: Town05
2026-02-04 04:09:49,374 - INFO - 🌤️ Using default weather: ClearNoon
2026-02-04 04:09:49,374 - INFO - 🚗 Using default blueprint: vehicle.lincoln.mkz_2017
2026-02-04 04:09:49,374 - INFO - 🎨 Generating Header component
2026-02-04 04:09:51,128 - INFO - 🔍 Searching for scenarios
2026-02-04 04:09:51,148 - INFO - ✅ Selected scenario: chatscene_12
2026-02-04 04:09:51,151 - INFO - 📝 Always Generate Mode: Preparing to generate all components from scratch
2026-02-04 04:09:51,151 - INFO - 🛠️ Component Ego marked for mandatory generation
2026-02-04 04:09:51,151 - INFO - 🛠️ Component Adversarials marked for mandatory generation
2026-02-04 04:09:51,151 - INFO - 🛠️ Component Spatial Relation marked for mandatory generation
2026-02-04 04:09:51,152 - INFO - 🛠️ Component Requirement and restrictions marked for mandatory generation
2026-02-04 04:09:51,153 - INFO - 🔍 Searching better matches for 4 components: ['Ego', 'Adversarials', 'Spatial Relation', 'Requirement and restrictions']
2026-02-04 04:09:51,154 - INFO -  🛠️ Processing component: Spatial Relation
2026-02-04 04:09:51,154 - INFO - 🛠️ Processing Spatial Relation
2026-02-04 04:09:51,154 - INFO - 🛠️ Generating new Spatial Relation
2026-02-04 04:10:22,244 - INFO - ✅ Generated new component: Spatial Relation (length: 962)
2026-02-04 04:10:22,244 - INFO - ✅ Generated Spatial Relation
2026-02-04 04:10:22,244 - INFO -  🛠️ Processing component: Ego
2026-02-04 04:10:22,244 - INFO - 🛠️ Processing Ego
2026-02-04 04:10:22,244 - INFO - 🛠️ Generating new Ego
2026-02-04 04:10:47,381 - INFO - ✅ Generated new component: Ego (length: 1130)
2026-02-04 04:10:47,381 - INFO - ✅ Generated Ego
2026-02-04 04:10:47,381 - INFO -  🛠️ Processing component: Adversarials
2026-02-04 04:10:47,381 - INFO - 🛠️ Generating new Adversarial 1
2026-02-04 04:10:59,225 - INFO - ✅ Generated new component: Adversarial (length: 141)
2026-02-04 04:10:59,225 - INFO - ✅ Generated Adversarial 1
2026-02-04 04:10:59,225 - INFO - 🛠️ Generating new Adversarial 2
2026-02-04 04:11:52,701 - INFO - ✅ Generated new component: Adversarial (length: 532)
2026-02-04 04:11:52,701 - INFO - ✅ Generated Adversarial 2
2026-02-04 04:11:52,711 - INFO -  🛠️ Processing component: Requirement and restrictions
2026-02-04 04:11:52,711 - INFO - 🛠️ Processing Requirement and restrictions
2026-02-04 04:11:52,711 - INFO - 🛠️ Generating new Requirement and restrictions
2026-02-04 04:13:11,841 - INFO - ✅ Generated new component: Requirement and restrictions (length: 246)
2026-02-04 04:13:11,846 - INFO - ✅ Generated Requirement and restrictions
2026-02-04 04:13:11,850 - INFO - ✅ All components processed
2026-02-04 04:13:11,850 - INFO - 🧩 Assembling scenario by concatenating components
2026-02-04 04:13:11,852 - INFO - 🔍 Available components: ['Header', 'Spatial Relation', 'Ego', 'Adversarials', 'Requirement and restrictions']
2026-02-04 04:13:11,852 - INFO - ✅ Added Header code
2026-02-04 04:13:11,853 - INFO - ✅ Added Spatial Relation code
2026-02-04 04:13:11,853 - INFO - ✅ Added Ego code
2026-02-04 04:13:11,853 - INFO - ✅ Added Adversarials code
2026-02-04 04:13:11,853 - INFO - ✅ Added Adversarials code
2026-02-04 04:13:11,853 - INFO - ✅ Added Requirement and restrictions code
2026-02-04 04:13:11,854 - INFO - ==============================
2026-02-04 04:13:11,854 - INFO - SCENARIO GENERATION SUMMARY
2026-02-04 04:13:11,854 - INFO - ==============================
2026-02-04 04:13:11,854 - INFO - Total Generation Time: 3m 32.28s
2026-02-04 04:13:11,854 - INFO - 
2026-02-04 04:13:11,855 - INFO - Component Sources:
2026-02-04 04:13:11,855 - INFO - ------------------------------
2026-02-04 04:13:11,855 - INFO -   Header                         -> GENERATED
2026-02-04 04:13:11,855 - INFO -   Ego                            -> GENERATED
2026-02-04 04:13:11,855 - INFO -   Adversarials 0                 -> GENERATED
2026-02-04 04:13:11,855 - INFO -   Adversarials 1                 -> GENERATED
2026-02-04 04:13:11,856 - INFO -   Spatial Relation               -> GENERATED
2026-02-04 04:13:11,856 - INFO -   Requirement and restrictions   -> GENERATED
2026-02-04 04:13:11,856 - INFO - ==============================
2026-02-04 04:13:11,867 - INFO - 📊 Generation summary written to: results\20260204_8922_the_ego_encounters_a_parked\generation_summary.json
2026-02-04 04:13:11,868 - INFO - ✅ Scenario 020: Logs -> results\20260204_8922_the_ego_encounters_a_parked | Status: SUCCESS
2026-02-04 04:13:12,048 - INFO - 
================================================================================
2026-02-04 04:13:12,048 - INFO - 🚀 Processing Scenario 21/40
2026-02-04 04:13:12,048 - INFO - 📝 Description: The ego is driving straight through an intersection when a crossing vehicle runs the red light and unexpectedly accelerates, forcing the ego to quickly reassess the situation and perform a collision avoidance maneuver.
2026-02-04 04:13:12,048 - INFO - ================================================================================

2026-02-04 04:13:12,059 - INFO - Load pretrained SentenceTransformer: sentence-transformers/all-MiniLM-L6-v2
2026-02-04 04:13:14,106 - WARNING - Failed to initialize AsyncMilvusClient during Milvus initialization: <ConnectionConfigException: (code=1, message=Cannot create async connection: no running event loop. Please ensure you are running in an async context.)>. Async operations will be unavailable until AsyncMilvusClient is successfully created.
2026-02-04 04:13:14,256 - INFO - Load pretrained SentenceTransformer: sentence-transformers/all-MiniLM-L6-v2
2026-02-04 04:13:16,226 - INFO - 📊 Generation summary written to: results\20260204_8922_the_ego_encounters_a_parked\generation_summary.json
2026-02-04 04:13:16,231 - INFO - 📁 AgentLogger initialized. Logs will be saved to: results\20260204_4053_the_ego_is_driving_straight
2026-02-04 04:13:21,561 - INFO - 🔍 Auto-detecting settings from user query...
2026-02-04 04:13:34,546 - INFO - 🗺️ Auto-detected map: Town05 (confidence: 0.60)
2026-02-04 04:13:34,547 - INFO -    Reasoning: The query explicitly mentions an 'intersection', which maps to Town05 and an urban environment. No specific weather, time of day, or vehicle model was mentioned, so the time and blueprint were set to their respective defaults (Noon and Lincoln MKZ) while weather was left as null.
2026-02-04 04:13:34,548 - INFO - 🚗 Auto-detected blueprint: vehicle.lincoln.mkz_2017 (confidence: 0.60)
2026-02-04 04:13:34,548 - INFO -    Reasoning: The query explicitly mentions an 'intersection', which maps to Town05 and an urban environment. No specific weather, time of day, or vehicle model was mentioned, so the time and blueprint were set to their respective defaults (Noon and Lincoln MKZ) while weather was left as null.
2026-02-04 04:13:34,549 - INFO - 🌤️ Using default weather: ClearNoon
2026-02-04 04:13:34,550 - INFO - 🎨 Generating Header component
2026-02-04 04:13:36,279 - INFO - 🔍 Searching for scenarios
2026-02-04 04:13:36,300 - INFO - ✅ Selected scenario: chatscene_14
2026-02-04 04:13:36,303 - INFO - 📝 Always Generate Mode: Preparing to generate all components from scratch
2026-02-04 04:13:36,303 - INFO - 🛠️ Component Ego marked for mandatory generation
2026-02-04 04:13:36,303 - INFO - 🛠️ Component Adversarials marked for mandatory generation
2026-02-04 04:13:36,303 - INFO - 🛠️ Component Spatial Relation marked for mandatory generation
2026-02-04 04:13:36,304 - INFO - 🛠️ Component Requirement and restrictions marked for mandatory generation
2026-02-04 04:13:36,305 - INFO - 🔍 Searching better matches for 4 components: ['Ego', 'Adversarials', 'Spatial Relation', 'Requirement and restrictions']
2026-02-04 04:13:36,306 - INFO -  🛠️ Processing component: Spatial Relation
2026-02-04 04:13:36,307 - INFO - 🛠️ Processing Spatial Relation
2026-02-04 04:13:36,307 - INFO - 🛠️ Generating new Spatial Relation
2026-02-04 04:14:39,792 - INFO - ✅ Generated new component: Spatial Relation (length: 624)
2026-02-04 04:14:39,792 - INFO - ✅ Generated Spatial Relation
2026-02-04 04:14:39,792 - INFO -  🛠️ Processing component: Ego
2026-02-04 04:14:39,792 - INFO - 🛠️ Processing Ego
2026-02-04 04:14:39,792 - INFO - 🛠️ Generating new Ego
2026-02-04 04:14:49,216 - INFO - ✅ Generated new component: Ego (length: 431)
2026-02-04 04:14:49,218 - INFO - ✅ Generated Ego
2026-02-04 04:14:49,218 - INFO -  🛠️ Processing component: Adversarials
2026-02-04 04:14:49,218 - INFO - 🛠️ Generating new Adversarial 1
2026-02-04 04:15:32,372 - INFO - ✅ Generated new component: Adversarial (length: 673)
2026-02-04 04:15:32,372 - INFO - ✅ Generated Adversarial 1
2026-02-04 04:15:32,372 - INFO -  🛠️ Processing component: Requirement and restrictions
2026-02-04 04:15:32,373 - INFO - 🛠️ Processing Requirement and restrictions
2026-02-04 04:15:32,373 - INFO - 🛠️ Generating new Requirement and restrictions
2026-02-04 04:16:06,435 - INFO - ✅ Generated new component: Requirement and restrictions (length: 559)
2026-02-04 04:16:06,435 - INFO - ✅ Generated Requirement and restrictions
2026-02-04 04:16:06,435 - INFO - ✅ All components processed
2026-02-04 04:16:06,435 - INFO - 🧩 Assembling scenario by concatenating components
2026-02-04 04:16:06,435 - INFO - 🔍 Available components: ['Header', 'Spatial Relation', 'Ego', 'Adversarials', 'Requirement and restrictions']
2026-02-04 04:16:06,440 - INFO - ✅ Added Header code
2026-02-04 04:16:06,440 - INFO - ✅ Added Spatial Relation code
2026-02-04 04:16:06,440 - INFO - ✅ Added Ego code
2026-02-04 04:16:06,440 - INFO - ✅ Added Adversarials code
2026-02-04 04:16:06,440 - INFO - ✅ Added Requirement and restrictions code
2026-02-04 04:16:06,440 - INFO - ==============================
2026-02-04 04:16:06,440 - INFO - SCENARIO GENERATION SUMMARY
2026-02-04 04:16:06,440 - INFO - ==============================
2026-02-04 04:16:06,440 - INFO - Total Generation Time: 2m 44.88s
2026-02-04 04:16:06,440 - INFO - 
2026-02-04 04:16:06,440 - INFO - Component Sources:
2026-02-04 04:16:06,440 - INFO - ------------------------------
2026-02-04 04:16:06,440 - INFO -   Header                         -> GENERATED
2026-02-04 04:16:06,440 - INFO -   Ego                            -> GENERATED
2026-02-04 04:16:06,440 - INFO -   Adversarials 0                 -> GENERATED
2026-02-04 04:16:06,440 - INFO -   Spatial Relation               -> GENERATED
2026-02-04 04:16:06,440 - INFO -   Requirement and restrictions   -> GENERATED
2026-02-04 04:16:06,440 - INFO - ==============================
2026-02-04 04:16:06,447 - INFO - 📊 Generation summary written to: results\20260204_4053_the_ego_is_driving_straight\generation_summary.json
2026-02-04 04:16:06,447 - INFO - ✅ Scenario 021: Logs -> results\20260204_4053_the_ego_is_driving_straight | Status: SUCCESS
2026-02-04 04:16:06,613 - INFO - 
================================================================================
2026-02-04 04:16:06,621 - INFO - 🚀 Processing Scenario 22/40
2026-02-04 04:16:06,621 - INFO - 📝 Description: The ego vehicle is moving straight through the intersection; the adversarial agent, initially on the left front, runs the red light and makes an abrupt right turn, forcing the ego vehicle to perform a collision avoidance maneuver.
2026-02-04 04:16:06,621 - INFO - ================================================================================

2026-02-04 04:16:06,634 - INFO - Load pretrained SentenceTransformer: sentence-transformers/all-MiniLM-L6-v2
2026-02-04 04:16:08,750 - WARNING - Failed to initialize AsyncMilvusClient during Milvus initialization: <ConnectionConfigException: (code=1, message=Cannot create async connection: no running event loop. Please ensure you are running in an async context.)>. Async operations will be unavailable until AsyncMilvusClient is successfully created.
2026-02-04 04:16:08,903 - INFO - Load pretrained SentenceTransformer: sentence-transformers/all-MiniLM-L6-v2
2026-02-04 04:16:10,870 - INFO - 📊 Generation summary written to: results\20260204_4053_the_ego_is_driving_straight\generation_summary.json
2026-02-04 04:16:10,870 - INFO - 📁 AgentLogger initialized. Logs will be saved to: results\20260204_8984_the_ego_vehicle_is_moving
2026-02-04 04:16:19,338 - INFO - 🔍 Auto-detecting settings from user query...
2026-02-04 04:16:42,112 - INFO - 🗺️ Auto-detected map: Town05 (confidence: 0.60)
2026-02-04 04:16:42,112 - INFO -    Reasoning: The query explicitly mentions an 'intersection', which maps to Town05 (confidence 1.0). No specific keywords for weather, time of day, or vehicle model were detected, so weather is null, while time and vehicle blueprint are set to their respective defaults ('noon' and 'lincoln mkz') as per the rules.
2026-02-04 04:16:42,112 - INFO - 🚗 Auto-detected blueprint: vehicle.lincoln.mkz_2017 (confidence: 0.60)
2026-02-04 04:16:42,112 - INFO -    Reasoning: The query explicitly mentions an 'intersection', which maps to Town05 (confidence 1.0). No specific keywords for weather, time of day, or vehicle model were detected, so weather is null, while time and vehicle blueprint are set to their respective defaults ('noon' and 'lincoln mkz') as per the rules.
2026-02-04 04:16:42,112 - INFO - 🌤️ Using default weather: ClearNoon
2026-02-04 04:16:42,117 - INFO - 🎨 Generating Header component
2026-02-04 04:16:44,124 - INFO - 🔍 Searching for scenarios
2026-02-04 04:16:44,143 - INFO - ✅ Selected scenario: chatscene_15
2026-02-04 04:16:44,146 - INFO - 📝 Always Generate Mode: Preparing to generate all components from scratch
2026-02-04 04:16:44,146 - INFO - 🛠️ Component Ego marked for mandatory generation
2026-02-04 04:16:44,147 - INFO - 🛠️ Component Adversarials marked for mandatory generation
2026-02-04 04:16:44,147 - INFO - 🛠️ Component Spatial Relation marked for mandatory generation
2026-02-04 04:16:44,147 - INFO - 🛠️ Component Requirement and restrictions marked for mandatory generation
2026-02-04 04:16:44,148 - INFO - 🔍 Searching better matches for 4 components: ['Ego', 'Adversarials', 'Spatial Relation', 'Requirement and restrictions']
2026-02-04 04:16:44,149 - INFO -  🛠️ Processing component: Spatial Relation
2026-02-04 04:16:44,149 - INFO - 🛠️ Processing Spatial Relation
2026-02-04 04:16:44,149 - INFO - 🛠️ Generating new Spatial Relation
2026-02-04 04:18:41,698 - INFO - ✅ Generated new component: Spatial Relation (length: 716)
2026-02-04 04:18:41,698 - INFO - ✅ Generated Spatial Relation
2026-02-04 04:18:41,699 - INFO -  🛠️ Processing component: Ego
2026-02-04 04:18:41,699 - INFO - 🛠️ Processing Ego
2026-02-04 04:18:41,700 - INFO - 🛠️ Generating new Ego
2026-02-04 04:18:53,015 - INFO - ✅ Generated new component: Ego (length: 458)
2026-02-04 04:18:53,015 - INFO - ✅ Generated Ego
2026-02-04 04:18:53,015 - INFO -  🛠️ Processing component: Adversarials
2026-02-04 04:18:53,015 - INFO - 🛠️ Generating new Adversarial 1
2026-02-04 04:19:02,197 - INFO - ✅ Generated new component: Adversarial (length: 281)
2026-02-04 04:19:02,197 - INFO - ✅ Generated Adversarial 1
2026-02-04 04:19:02,197 - INFO -  🛠️ Processing component: Requirement and restrictions
2026-02-04 04:19:02,208 - INFO - 🛠️ Processing Requirement and restrictions
2026-02-04 04:19:02,208 - INFO - 🛠️ Generating new Requirement and restrictions
2026-02-04 04:20:08,217 - INFO - ✅ Generated new component: Requirement and restrictions (length: 514)
2026-02-04 04:20:08,217 - INFO - ✅ Generated Requirement and restrictions
2026-02-04 04:20:08,217 - INFO - ✅ All components processed
2026-02-04 04:20:08,217 - INFO - 🧩 Assembling scenario by concatenating components
2026-02-04 04:20:08,217 - INFO - 🔍 Available components: ['Header', 'Spatial Relation', 'Ego', 'Adversarials', 'Requirement and restrictions']
2026-02-04 04:20:08,217 - INFO - ✅ Added Header code
2026-02-04 04:20:08,217 - INFO - ✅ Added Spatial Relation code
2026-02-04 04:20:08,217 - INFO - ✅ Added Ego code
2026-02-04 04:20:08,217 - INFO - ✅ Added Adversarials code
2026-02-04 04:20:08,217 - INFO - ✅ Added Requirement and restrictions code
2026-02-04 04:20:08,217 - INFO - ==============================
2026-02-04 04:20:08,217 - INFO - SCENARIO GENERATION SUMMARY
2026-02-04 04:20:08,217 - INFO - ==============================
2026-02-04 04:20:08,217 - INFO - Total Generation Time: 3m 48.88s
2026-02-04 04:20:08,217 - INFO - 
2026-02-04 04:20:08,217 - INFO - Component Sources:
2026-02-04 04:20:08,217 - INFO - ------------------------------
2026-02-04 04:20:08,217 - INFO -   Header                         -> GENERATED
2026-02-04 04:20:08,217 - INFO -   Ego                            -> GENERATED
2026-02-04 04:20:08,217 - INFO -   Adversarials 0                 -> GENERATED
2026-02-04 04:20:08,217 - INFO -   Spatial Relation               -> GENERATED
2026-02-04 04:20:08,217 - INFO -   Requirement and restrictions   -> GENERATED
2026-02-04 04:20:08,217 - INFO - ==============================
2026-02-04 04:20:08,227 - INFO - 📊 Generation summary written to: results\20260204_8984_the_ego_vehicle_is_moving\generation_summary.json
2026-02-04 04:20:08,227 - INFO - ✅ Scenario 022: Logs -> results\20260204_8984_the_ego_vehicle_is_moving | Status: SUCCESS
2026-02-04 04:20:08,408 - INFO - 
================================================================================
2026-02-04 04:20:08,409 - INFO - 🚀 Processing Scenario 23/40
2026-02-04 04:20:08,409 - INFO - 📝 Description: The ego vehicle is going straight through the intersection; the adversarial vehicle approaches from the left front and cuts off the ego vehicle.
2026-02-04 04:20:08,409 - INFO - ================================================================================

2026-02-04 04:20:08,421 - INFO - Load pretrained SentenceTransformer: sentence-transformers/all-MiniLM-L6-v2
2026-02-04 04:20:10,464 - WARNING - Failed to initialize AsyncMilvusClient during Milvus initialization: <ConnectionConfigException: (code=1, message=Cannot create async connection: no running event loop. Please ensure you are running in an async context.)>. Async operations will be unavailable until AsyncMilvusClient is successfully created.
2026-02-04 04:20:10,612 - INFO - Load pretrained SentenceTransformer: sentence-transformers/all-MiniLM-L6-v2
2026-02-04 04:20:12,600 - INFO - 📊 Generation summary written to: results\20260204_8984_the_ego_vehicle_is_moving\generation_summary.json
2026-02-04 04:20:12,600 - INFO - 📁 AgentLogger initialized. Logs will be saved to: results\20260204_6852_the_ego_vehicle_is_going
2026-02-04 04:20:16,046 - INFO - 🔍 Auto-detecting settings from user query...
2026-02-04 04:20:28,652 - INFO - 🗺️ Auto-detected map: Town05 (confidence: 0.60)
2026-02-04 04:20:28,652 - INFO -    Reasoning: The query explicitly mentions an 'intersection', which maps to Town05 (confidence 1.0). No specific weather, time of day, or vehicle model were mentioned, so defaults (Noon, Lincoln MKZ) were applied according to the rules.
2026-02-04 04:20:28,652 - INFO - 🚗 Auto-detected blueprint: vehicle.lincoln.mkz_2017 (confidence: 0.60)
2026-02-04 04:20:28,652 - INFO -    Reasoning: The query explicitly mentions an 'intersection', which maps to Town05 (confidence 1.0). No specific weather, time of day, or vehicle model were mentioned, so defaults (Noon, Lincoln MKZ) were applied according to the rules.
2026-02-04 04:20:28,659 - INFO - 🌤️ Using default weather: ClearNoon
2026-02-04 04:20:28,659 - INFO - 🎨 Generating Header component
2026-02-04 04:20:32,127 - INFO - 🔍 Searching for scenarios
2026-02-04 04:20:32,146 - INFO - ✅ Selected scenario: chatscene_16
2026-02-04 04:20:32,149 - INFO - 📝 Always Generate Mode: Preparing to generate all components from scratch
2026-02-04 04:20:32,149 - INFO - 🛠️ Component Ego marked for mandatory generation
2026-02-04 04:20:32,150 - INFO - 🛠️ Component Adversarials marked for mandatory generation
2026-02-04 04:20:32,150 - INFO - 🛠️ Component Spatial Relation marked for mandatory generation
2026-02-04 04:20:32,150 - INFO - 🛠️ Component Requirement and restrictions marked for mandatory generation
2026-02-04 04:20:32,151 - INFO - 🔍 Searching better matches for 4 components: ['Ego', 'Adversarials', 'Spatial Relation', 'Requirement and restrictions']
2026-02-04 04:20:32,152 - INFO -  🛠️ Processing component: Spatial Relation
2026-02-04 04:20:32,152 - INFO - 🛠️ Processing Spatial Relation
2026-02-04 04:20:32,153 - INFO - 🛠️ Generating new Spatial Relation
2026-02-04 04:21:12,401 - INFO - ✅ Generated new component: Spatial Relation (length: 612)
2026-02-04 04:21:12,403 - INFO - ✅ Generated Spatial Relation
2026-02-04 04:21:12,403 - INFO -  🛠️ Processing component: Ego
2026-02-04 04:21:12,403 - INFO - 🛠️ Processing Ego
2026-02-04 04:21:12,403 - INFO - 🛠️ Generating new Ego
2026-02-04 04:21:16,397 - INFO - ✅ Generated new component: Ego (length: 262)
2026-02-04 04:21:16,397 - INFO - ✅ Generated Ego
2026-02-04 04:21:16,397 - INFO -  🛠️ Processing component: Adversarials
2026-02-04 04:21:16,397 - INFO - 🛠️ Generating new Adversarial 1
2026-02-04 04:22:10,452 - INFO - ✅ Generated new component: Adversarial (length: 479)
2026-02-04 04:22:10,452 - INFO - ✅ Generated Adversarial 1
2026-02-04 04:22:10,452 - INFO -  🛠️ Processing component: Requirement and restrictions
2026-02-04 04:22:10,453 - INFO - 🛠️ Processing Requirement and restrictions
2026-02-04 04:22:10,453 - INFO - 🛠️ Generating new Requirement and restrictions
2026-02-04 04:22:54,895 - INFO - ✅ Generated new component: Requirement and restrictions (length: 780)
2026-02-04 04:22:54,896 - INFO - ✅ Generated Requirement and restrictions
2026-02-04 04:22:54,896 - INFO - ✅ All components processed
2026-02-04 04:22:54,898 - INFO - 🧩 Assembling scenario by concatenating components
2026-02-04 04:22:54,899 - INFO - 🔍 Available components: ['Header', 'Spatial Relation', 'Ego', 'Adversarials', 'Requirement and restrictions']
2026-02-04 04:22:54,899 - INFO - ✅ Added Header code
2026-02-04 04:22:54,899 - INFO - ✅ Added Spatial Relation code
2026-02-04 04:22:54,900 - INFO - ✅ Added Ego code
2026-02-04 04:22:54,900 - INFO - ✅ Added Adversarials code
2026-02-04 04:22:54,900 - INFO - ✅ Added Requirement and restrictions code
2026-02-04 04:22:54,900 - INFO - ==============================
2026-02-04 04:22:54,900 - INFO - SCENARIO GENERATION SUMMARY
2026-02-04 04:22:54,901 - INFO - ==============================
2026-02-04 04:22:54,901 - INFO - Total Generation Time: 2m 38.85s
2026-02-04 04:22:54,901 - INFO - 
2026-02-04 04:22:54,902 - INFO - Component Sources:
2026-02-04 04:22:54,902 - INFO - ------------------------------
2026-02-04 04:22:54,902 - INFO -   Header                         -> GENERATED
2026-02-04 04:22:54,902 - INFO -   Ego                            -> GENERATED
2026-02-04 04:22:54,902 - INFO -   Adversarials 0                 -> GENERATED
2026-02-04 04:22:54,903 - INFO -   Spatial Relation               -> GENERATED
2026-02-04 04:22:54,903 - INFO -   Requirement and restrictions   -> GENERATED
2026-02-04 04:22:54,903 - INFO - ==============================
2026-02-04 04:22:54,907 - INFO - 📊 Generation summary written to: results\20260204_6852_the_ego_vehicle_is_going\generation_summary.json
2026-02-04 04:22:54,907 - INFO - ✅ Scenario 023: Logs -> results\20260204_6852_the_ego_vehicle_is_going | Status: SUCCESS
2026-02-04 04:22:55,062 - INFO - 
================================================================================
2026-02-04 04:22:55,062 - INFO - 🚀 Processing Scenario 24/40
2026-02-04 04:22:55,066 - INFO - 📝 Description: The ego vehicle is moving straight through the intersection; the adversarial agent, initially on the left front, runs the red light and makes an abrupt left turn, forcing the ego vehicle to perform a collision avoidance maneuver.
2026-02-04 04:22:55,066 - INFO - ================================================================================

2026-02-04 04:22:55,078 - INFO - Load pretrained SentenceTransformer: sentence-transformers/all-MiniLM-L6-v2
2026-02-04 04:22:57,278 - WARNING - Failed to initialize AsyncMilvusClient during Milvus initialization: <ConnectionConfigException: (code=1, message=Cannot create async connection: no running event loop. Please ensure you are running in an async context.)>. Async operations will be unavailable until AsyncMilvusClient is successfully created.
2026-02-04 04:22:57,431 - INFO - Load pretrained SentenceTransformer: sentence-transformers/all-MiniLM-L6-v2
2026-02-04 04:22:59,454 - INFO - 📊 Generation summary written to: results\20260204_6852_the_ego_vehicle_is_going\generation_summary.json
2026-02-04 04:22:59,457 - INFO - 📁 AgentLogger initialized. Logs will be saved to: results\20260204_8615_the_ego_vehicle_is_moving
2026-02-04 04:23:06,370 - INFO - 🔍 Auto-detecting settings from user query...
2026-02-04 04:23:23,895 - INFO - 🌤️ Auto-detected weather: ClearNoon (confidence: 0.70)
2026-02-04 04:23:23,895 - INFO -    Reasoning: The query explicitly mentions an 'intersection', which maps to an urban map type and Town05. No specific weather, time of day, or vehicle model was mentioned, so the system defaults to 'noon', 'ClearNoon', and the Lincoln MKZ blueprint as per the detection rules.
2026-02-04 04:23:23,895 - INFO - 🗺️ Auto-detected map: Town05 (confidence: 0.70)
2026-02-04 04:23:23,895 - INFO -    Reasoning: The query explicitly mentions an 'intersection', which maps to an urban map type and Town05. No specific weather, time of day, or vehicle model was mentioned, so the system defaults to 'noon', 'ClearNoon', and the Lincoln MKZ blueprint as per the detection rules.
2026-02-04 04:23:23,895 - INFO - 🚗 Auto-detected blueprint: vehicle.lincoln.mkz_2017 (confidence: 0.70)
2026-02-04 04:23:23,895 - INFO -    Reasoning: The query explicitly mentions an 'intersection', which maps to an urban map type and Town05. No specific weather, time of day, or vehicle model was mentioned, so the system defaults to 'noon', 'ClearNoon', and the Lincoln MKZ blueprint as per the detection rules.
2026-02-04 04:23:23,895 - INFO - 🎨 Generating Header component
2026-02-04 04:23:26,076 - INFO - 🔍 Searching for scenarios
2026-02-04 04:23:26,092 - INFO - ✅ Selected scenario: chatscene_15
2026-02-04 04:23:26,095 - INFO - 📝 Always Generate Mode: Preparing to generate all components from scratch
2026-02-04 04:23:26,096 - INFO - 🛠️ Component Ego marked for mandatory generation
2026-02-04 04:23:26,096 - INFO - 🛠️ Component Adversarials marked for mandatory generation
2026-02-04 04:23:26,096 - INFO - 🛠️ Component Spatial Relation marked for mandatory generation
2026-02-04 04:23:26,096 - INFO - 🛠️ Component Requirement and restrictions marked for mandatory generation
2026-02-04 04:23:26,097 - INFO - 🔍 Searching better matches for 4 components: ['Ego', 'Adversarials', 'Spatial Relation', 'Requirement and restrictions']
2026-02-04 04:23:26,098 - INFO -  🛠️ Processing component: Spatial Relation
2026-02-04 04:23:26,099 - INFO - 🛠️ Processing Spatial Relation
2026-02-04 04:23:26,099 - INFO - 🛠️ Generating new Spatial Relation
2026-02-04 04:24:08,619 - INFO - ✅ Generated new component: Spatial Relation (length: 640)
2026-02-04 04:24:08,619 - INFO - ✅ Generated Spatial Relation
2026-02-04 04:24:08,619 - INFO -  🛠️ Processing component: Ego
2026-02-04 04:24:08,619 - INFO - 🛠️ Processing Ego
2026-02-04 04:24:08,619 - INFO - 🛠️ Generating new Ego
2026-02-04 04:24:18,490 - INFO - ✅ Generated new component: Ego (length: 446)
2026-02-04 04:24:18,490 - INFO - ✅ Generated Ego
2026-02-04 04:24:18,491 - INFO -  🛠️ Processing component: Adversarials
2026-02-04 04:24:18,491 - INFO - 🛠️ Generating new Adversarial 1
2026-02-04 04:24:29,223 - INFO - ✅ Generated new component: Adversarial (length: 545)
2026-02-04 04:24:29,224 - INFO - ✅ Generated Adversarial 1
2026-02-04 04:24:29,224 - INFO -  🛠️ Processing component: Requirement and restrictions
2026-02-04 04:24:29,224 - INFO - 🛠️ Processing Requirement and restrictions
2026-02-04 04:24:29,224 - INFO - 🛠️ Generating new Requirement and restrictions
2026-02-04 04:25:28,790 - INFO - ✅ Generated new component: Requirement and restrictions (length: 420)
2026-02-04 04:25:28,790 - INFO - ✅ Generated Requirement and restrictions
2026-02-04 04:25:28,792 - INFO - ✅ All components processed
2026-02-04 04:25:28,793 - INFO - 🧩 Assembling scenario by concatenating components
2026-02-04 04:25:28,795 - INFO - 🔍 Available components: ['Header', 'Spatial Relation', 'Ego', 'Adversarials', 'Requirement and restrictions']
2026-02-04 04:25:28,796 - INFO - ✅ Added Header code
2026-02-04 04:25:28,796 - INFO - ✅ Added Spatial Relation code
2026-02-04 04:25:28,797 - INFO - ✅ Added Ego code
2026-02-04 04:25:28,797 - INFO - ✅ Added Adversarials code
2026-02-04 04:25:28,797 - INFO - ✅ Added Requirement and restrictions code
2026-02-04 04:25:28,798 - INFO - ==============================
2026-02-04 04:25:28,798 - INFO - SCENARIO GENERATION SUMMARY
2026-02-04 04:25:28,799 - INFO - ==============================
2026-02-04 04:25:28,799 - INFO - Total Generation Time: 2m 22.43s
2026-02-04 04:25:28,799 - INFO - 
2026-02-04 04:25:28,799 - INFO - Component Sources:
2026-02-04 04:25:28,800 - INFO - ------------------------------
2026-02-04 04:25:28,800 - INFO -   Header                         -> GENERATED
2026-02-04 04:25:28,800 - INFO -   Ego                            -> GENERATED
2026-02-04 04:25:28,801 - INFO -   Adversarials 0                 -> GENERATED
2026-02-04 04:25:28,801 - INFO -   Spatial Relation               -> GENERATED
2026-02-04 04:25:28,802 - INFO -   Requirement and restrictions   -> GENERATED
2026-02-04 04:25:28,802 - INFO - ==============================
2026-02-04 04:25:28,809 - INFO - 📊 Generation summary written to: results\20260204_8615_the_ego_vehicle_is_moving\generation_summary.json
2026-02-04 04:25:28,810 - INFO - ✅ Scenario 024: Logs -> results\20260204_8615_the_ego_vehicle_is_moving | Status: SUCCESS
2026-02-04 04:25:28,982 - INFO - 
================================================================================
2026-02-04 04:25:28,982 - INFO - 🚀 Processing Scenario 25/40
2026-02-04 04:25:28,982 - INFO - 📝 Description: The ego moves straight at an intersection when a crossing vehicle runs the red light from right and brakes abruptly, causing the ego to rapidly adapt its trajectory and perform a collision avoidance maneuver.
2026-02-04 04:25:28,982 - INFO - ================================================================================

2026-02-04 04:25:28,992 - INFO - Load pretrained SentenceTransformer: sentence-transformers/all-MiniLM-L6-v2
2026-02-04 04:25:31,216 - WARNING - Failed to initialize AsyncMilvusClient during Milvus initialization: <ConnectionConfigException: (code=1, message=Cannot create async connection: no running event loop. Please ensure you are running in an async context.)>. Async operations will be unavailable until AsyncMilvusClient is successfully created.
2026-02-04 04:25:31,420 - INFO - Load pretrained SentenceTransformer: sentence-transformers/all-MiniLM-L6-v2
2026-02-04 04:25:33,549 - INFO - 📊 Generation summary written to: results\20260204_8615_the_ego_vehicle_is_moving\generation_summary.json
2026-02-04 04:25:33,551 - INFO - 📁 AgentLogger initialized. Logs will be saved to: results\20260204_9844_the_ego_moves_straight_at
2026-02-04 04:25:39,301 - INFO - 🔍 Auto-detecting settings from user query...
2026-02-04 04:25:59,305 - INFO - 🗺️ Auto-detected map: Town05 (confidence: 0.70)
2026-02-04 04:25:59,305 - INFO -    Reasoning: The query explicitly mentions an 'intersection', which maps to Town05 (urban). No specific weather conditions, time of day, or vehicle models were mentioned, so the time of day defaults to 'noon' and the vehicle blueprint defaults to the Lincoln MKZ per the provided rules. Weather is set to null as no keywords were detected.
2026-02-04 04:25:59,305 - INFO - 🚗 Auto-detected blueprint: vehicle.lincoln.mkz_2017 (confidence: 0.70)
2026-02-04 04:25:59,305 - INFO -    Reasoning: The query explicitly mentions an 'intersection', which maps to Town05 (urban). No specific weather conditions, time of day, or vehicle models were mentioned, so the time of day defaults to 'noon' and the vehicle blueprint defaults to the Lincoln MKZ per the provided rules. Weather is set to null as no keywords were detected.
2026-02-04 04:25:59,305 - INFO - 🌤️ Using default weather: ClearNoon
2026-02-04 04:25:59,305 - INFO - 🎨 Generating Header component
2026-02-04 04:26:01,261 - INFO - 🔍 Searching for scenarios
2026-02-04 04:26:01,284 - INFO - ✅ Selected scenario: chatscene_18
2026-02-04 04:26:01,287 - INFO - 📝 Always Generate Mode: Preparing to generate all components from scratch
2026-02-04 04:26:01,287 - INFO - 🛠️ Component Ego marked for mandatory generation
2026-02-04 04:26:01,287 - INFO - 🛠️ Component Adversarials marked for mandatory generation
2026-02-04 04:26:01,288 - INFO - 🛠️ Component Spatial Relation marked for mandatory generation
2026-02-04 04:26:01,288 - INFO - 🛠️ Component Requirement and restrictions marked for mandatory generation
2026-02-04 04:26:01,289 - INFO - 🔍 Searching better matches for 4 components: ['Ego', 'Adversarials', 'Spatial Relation', 'Requirement and restrictions']
2026-02-04 04:26:01,290 - INFO -  🛠️ Processing component: Spatial Relation
2026-02-04 04:26:01,291 - INFO - 🛠️ Processing Spatial Relation
2026-02-04 04:26:01,291 - INFO - 🛠️ Generating new Spatial Relation
2026-02-04 04:27:35,109 - INFO - ✅ Generated new component: Spatial Relation (length: 626)
2026-02-04 04:27:35,109 - INFO - ✅ Generated Spatial Relation
2026-02-04 04:27:35,109 - INFO -  🛠️ Processing component: Ego
2026-02-04 04:27:35,109 - INFO - 🛠️ Processing Ego
2026-02-04 04:27:35,109 - INFO - 🛠️ Generating new Ego
2026-02-04 04:27:43,434 - INFO - ✅ Generated new component: Ego (length: 441)
2026-02-04 04:27:43,434 - INFO - ✅ Generated Ego
2026-02-04 04:27:43,439 - INFO -  🛠️ Processing component: Adversarials
2026-02-04 04:27:43,439 - INFO - 🛠️ Generating new Adversarial 1
2026-02-04 04:28:18,756 - INFO - ✅ Generated new component: Adversarial (length: 692)
2026-02-04 04:28:18,756 - INFO - ✅ Generated Adversarial 1
2026-02-04 04:28:18,756 - INFO -  🛠️ Processing component: Requirement and restrictions
2026-02-04 04:28:18,756 - INFO - 🛠️ Processing Requirement and restrictions
2026-02-04 04:28:18,756 - INFO - 🛠️ Generating new Requirement and restrictions
2026-02-04 04:28:41,228 - INFO - ✅ Generated new component: Requirement and restrictions (length: 514)
2026-02-04 04:28:41,228 - INFO - ✅ Generated Requirement and restrictions
2026-02-04 04:28:41,228 - INFO - ✅ All components processed
2026-02-04 04:28:41,228 - INFO - 🧩 Assembling scenario by concatenating components
2026-02-04 04:28:41,228 - INFO - 🔍 Available components: ['Header', 'Spatial Relation', 'Ego', 'Adversarials', 'Requirement and restrictions']
2026-02-04 04:28:41,228 - INFO - ✅ Added Header code
2026-02-04 04:28:41,228 - INFO - ✅ Added Spatial Relation code
2026-02-04 04:28:41,228 - INFO - ✅ Added Ego code
2026-02-04 04:28:41,228 - INFO - ✅ Added Adversarials code
2026-02-04 04:28:41,228 - INFO - ✅ Added Requirement and restrictions code
2026-02-04 04:28:41,228 - INFO - ==============================
2026-02-04 04:28:41,228 - INFO - SCENARIO GENERATION SUMMARY
2026-02-04 04:28:41,228 - INFO - ==============================
2026-02-04 04:28:41,228 - INFO - Total Generation Time: 3m 1.93s
2026-02-04 04:28:41,228 - INFO - 
2026-02-04 04:28:41,228 - INFO - Component Sources:
2026-02-04 04:28:41,228 - INFO - ------------------------------
2026-02-04 04:28:41,228 - INFO -   Header                         -> GENERATED
2026-02-04 04:28:41,228 - INFO -   Ego                            -> GENERATED
2026-02-04 04:28:41,228 - INFO -   Adversarials 0                 -> GENERATED
2026-02-04 04:28:41,228 - INFO -   Spatial Relation               -> GENERATED
2026-02-04 04:28:41,228 - INFO -   Requirement and restrictions   -> GENERATED
2026-02-04 04:28:41,228 - INFO - ==============================
2026-02-04 04:28:41,240 - INFO - 📊 Generation summary written to: results\20260204_9844_the_ego_moves_straight_at\generation_summary.json
2026-02-04 04:28:41,240 - INFO - ✅ Scenario 025: Logs -> results\20260204_9844_the_ego_moves_straight_at | Status: SUCCESS
2026-02-04 04:28:41,471 - INFO - 
================================================================================
2026-02-04 04:28:41,471 - INFO - 🚀 Processing Scenario 26/40
2026-02-04 04:28:41,471 - INFO - 📝 Description: The ego starts an unprotected left turn at an intersection while yielding to an oncoming car when the oncoming car's throttle malfunctions, leading to an unexpected acceleration and forcing the ego to quickly modify its turning path to avoid a collision.
2026-02-04 04:28:41,471 - INFO - ================================================================================

2026-02-04 04:28:41,476 - INFO - Load pretrained SentenceTransformer: sentence-transformers/all-MiniLM-L6-v2
2026-02-04 04:28:43,594 - WARNING - Failed to initialize AsyncMilvusClient during Milvus initialization: <ConnectionConfigException: (code=1, message=Cannot create async connection: no running event loop. Please ensure you are running in an async context.)>. Async operations will be unavailable until AsyncMilvusClient is successfully created.
2026-02-04 04:28:43,749 - INFO - Load pretrained SentenceTransformer: sentence-transformers/all-MiniLM-L6-v2
2026-02-04 04:28:45,790 - INFO - 📊 Generation summary written to: results\20260204_9844_the_ego_moves_straight_at\generation_summary.json
2026-02-04 04:28:45,790 - INFO - 📁 AgentLogger initialized. Logs will be saved to: results\20260204_2940_the_ego_starts_an_unprotected
2026-02-04 04:28:51,886 - INFO - 🔍 Auto-detecting settings from user query...
2026-02-04 04:29:04,256 - INFO - 🗺️ Auto-detected map: Town05 (confidence: 0.80)
2026-02-04 04:29:04,256 - INFO -    Reasoning: The query explicitly mentions an 'intersection', which maps to Town05. 'Car' is mentioned, defaulting to the Lincoln blueprint. No weather is specified (null), and time defaults to 'noon' per the detection rules.
2026-02-04 04:29:04,259 - INFO - 🚗 Auto-detected blueprint: vehicle.lincoln.mkz_2017 (confidence: 0.80)
2026-02-04 04:29:04,259 - INFO -    Reasoning: The query explicitly mentions an 'intersection', which maps to Town05. 'Car' is mentioned, defaulting to the Lincoln blueprint. No weather is specified (null), and time defaults to 'noon' per the detection rules.
2026-02-04 04:29:04,259 - INFO - 🌤️ Using default weather: ClearNoon
2026-02-04 04:29:04,259 - INFO - 🎨 Generating Header component
2026-02-04 04:29:06,627 - INFO - 🔍 Searching for scenarios
2026-02-04 04:29:06,641 - INFO - ✅ Selected scenario: chatscene_19
2026-02-04 04:29:06,646 - INFO - 📝 Always Generate Mode: Preparing to generate all components from scratch
2026-02-04 04:29:06,646 - INFO - 🛠️ Component Ego marked for mandatory generation
2026-02-04 04:29:06,647 - INFO - 🛠️ Component Adversarials marked for mandatory generation
2026-02-04 04:29:06,647 - INFO - 🛠️ Component Spatial Relation marked for mandatory generation
2026-02-04 04:29:06,647 - INFO - 🛠️ Component Requirement and restrictions marked for mandatory generation
2026-02-04 04:29:06,648 - INFO - 🔍 Searching better matches for 4 components: ['Ego', 'Adversarials', 'Spatial Relation', 'Requirement and restrictions']
2026-02-04 04:29:06,649 - INFO -  🛠️ Processing component: Spatial Relation
2026-02-04 04:29:06,649 - INFO - 🛠️ Processing Spatial Relation
2026-02-04 04:29:06,650 - INFO - 🛠️ Generating new Spatial Relation
2026-02-04 04:29:41,761 - INFO - ✅ Generated new component: Spatial Relation (length: 691)
2026-02-04 04:29:41,761 - INFO - ✅ Generated Spatial Relation
2026-02-04 04:29:41,761 - INFO -  🛠️ Processing component: Ego
2026-02-04 04:29:41,761 - INFO - 🛠️ Processing Ego
2026-02-04 04:29:41,761 - INFO - 🛠️ Generating new Ego
2026-02-04 04:30:05,361 - INFO - ✅ Generated new component: Ego (length: 446)
2026-02-04 04:30:05,361 - INFO - ✅ Generated Ego
2026-02-04 04:30:05,361 - INFO -  🛠️ Processing component: Adversarials
2026-02-04 04:30:05,361 - INFO - 🛠️ Generating new Adversarial 1
2026-02-04 04:30:53,852 - INFO - ✅ Generated new component: Adversarial (length: 480)
2026-02-04 04:30:53,852 - INFO - ✅ Generated Adversarial 1
2026-02-04 04:30:53,852 - INFO -  🛠️ Processing component: Requirement and restrictions
2026-02-04 04:30:53,852 - INFO - 🛠️ Processing Requirement and restrictions
2026-02-04 04:30:53,852 - INFO - 🛠️ Generating new Requirement and restrictions
2026-02-04 04:31:38,010 - INFO - ✅ Generated new component: Requirement and restrictions (length: 474)
2026-02-04 04:31:38,010 - INFO - ✅ Generated Requirement and restrictions
2026-02-04 04:31:38,010 - INFO - ✅ All components processed
2026-02-04 04:31:38,010 - INFO - 🧩 Assembling scenario by concatenating components
2026-02-04 04:31:38,010 - INFO - 🔍 Available components: ['Header', 'Spatial Relation', 'Ego', 'Adversarials', 'Requirement and restrictions']
2026-02-04 04:31:38,020 - INFO - ✅ Added Header code
2026-02-04 04:31:38,020 - INFO - ✅ Added Spatial Relation code
2026-02-04 04:31:38,020 - INFO - ✅ Added Ego code
2026-02-04 04:31:38,020 - INFO - ✅ Added Adversarials code
2026-02-04 04:31:38,020 - INFO - ✅ Added Requirement and restrictions code
2026-02-04 04:31:38,020 - INFO - ==============================
2026-02-04 04:31:38,020 - INFO - SCENARIO GENERATION SUMMARY
2026-02-04 04:31:38,020 - INFO - ==============================
2026-02-04 04:31:38,020 - INFO - Total Generation Time: 2m 46.13s
2026-02-04 04:31:38,020 - INFO - 
2026-02-04 04:31:38,020 - INFO - Component Sources:
2026-02-04 04:31:38,020 - INFO - ------------------------------
2026-02-04 04:31:38,020 - INFO -   Header                         -> GENERATED
2026-02-04 04:31:38,020 - INFO -   Ego                            -> GENERATED
2026-02-04 04:31:38,020 - INFO -   Adversarials 0                 -> GENERATED
2026-02-04 04:31:38,023 - INFO -   Spatial Relation               -> GENERATED
2026-02-04 04:31:38,023 - INFO -   Requirement and restrictions   -> GENERATED
2026-02-04 04:31:38,023 - INFO - ==============================
2026-02-04 04:31:38,026 - INFO - 📊 Generation summary written to: results\20260204_2940_the_ego_starts_an_unprotected\generation_summary.json
2026-02-04 04:31:38,027 - INFO - ✅ Scenario 026: Logs -> results\20260204_2940_the_ego_starts_an_unprotected | Status: SUCCESS
2026-02-04 04:31:38,186 - INFO - 
================================================================================
2026-02-04 04:31:38,186 - INFO - 🚀 Processing Scenario 27/40
2026-02-04 04:31:38,186 - INFO - 📝 Description: The ego attempts an unprotected left turn at an intersection while yielding to an oncoming car when the oncoming car's suddenly brakes, necessitating the ego to rapidly reassess the situation and adjust its turn.
2026-02-04 04:31:38,186 - INFO - ================================================================================

2026-02-04 04:31:38,196 - INFO - Load pretrained SentenceTransformer: sentence-transformers/all-MiniLM-L6-v2
2026-02-04 04:31:40,359 - WARNING - Failed to initialize AsyncMilvusClient during Milvus initialization: <ConnectionConfigException: (code=1, message=Cannot create async connection: no running event loop. Please ensure you are running in an async context.)>. Async operations will be unavailable until AsyncMilvusClient is successfully created.
2026-02-04 04:31:40,515 - INFO - Load pretrained SentenceTransformer: sentence-transformers/all-MiniLM-L6-v2
2026-02-04 04:31:42,569 - INFO - 📊 Generation summary written to: results\20260204_2940_the_ego_starts_an_unprotected\generation_summary.json
2026-02-04 04:31:42,569 - INFO - 📁 AgentLogger initialized. Logs will be saved to: results\20260204_9064_the_ego_attempts_an_unprotected
2026-02-04 04:31:47,328 - INFO - 🔍 Auto-detecting settings from user query...
2026-02-04 04:32:06,811 - INFO - 🗺️ Auto-detected map: Town05 (confidence: 0.70)
2026-02-04 04:32:06,811 - INFO -    Reasoning: The query explicitly mentions an 'intersection' and a 'car'. 'intersection' maps to Town05 and 'car' maps to the default Lincoln blueprint. No specific weather or time was mentioned, so time defaults to noon per rules and weather is null.
2026-02-04 04:32:06,811 - INFO - 🚗 Auto-detected blueprint: vehicle.lincoln.mkz_2017 (confidence: 0.70)
2026-02-04 04:32:06,811 - INFO -    Reasoning: The query explicitly mentions an 'intersection' and a 'car'. 'intersection' maps to Town05 and 'car' maps to the default Lincoln blueprint. No specific weather or time was mentioned, so time defaults to noon per rules and weather is null.
2026-02-04 04:32:06,811 - INFO - 🌤️ Using default weather: ClearNoon
2026-02-04 04:32:06,811 - INFO - 🎨 Generating Header component
2026-02-04 04:32:08,814 - INFO - 🔍 Searching for scenarios
2026-02-04 04:32:08,833 - INFO - ✅ Selected scenario: chatscene_20
2026-02-04 04:32:08,836 - INFO - 📝 Always Generate Mode: Preparing to generate all components from scratch
2026-02-04 04:32:08,836 - INFO - 🛠️ Component Ego marked for mandatory generation
2026-02-04 04:32:08,837 - INFO - 🛠️ Component Adversarials marked for mandatory generation
2026-02-04 04:32:08,837 - INFO - 🛠️ Component Spatial Relation marked for mandatory generation
2026-02-04 04:32:08,837 - INFO - 🛠️ Component Requirement and restrictions marked for mandatory generation
2026-02-04 04:32:08,838 - INFO - 🔍 Searching better matches for 4 components: ['Ego', 'Adversarials', 'Spatial Relation', 'Requirement and restrictions']
2026-02-04 04:32:08,838 - INFO -  🛠️ Processing component: Spatial Relation
2026-02-04 04:32:08,839 - INFO - 🛠️ Processing Spatial Relation
2026-02-04 04:32:08,839 - INFO - 🛠️ Generating new Spatial Relation
2026-02-04 04:33:14,391 - INFO - ✅ Generated new component: Spatial Relation (length: 599)
2026-02-04 04:33:14,391 - INFO - ✅ Generated Spatial Relation
2026-02-04 04:33:14,392 - INFO -  🛠️ Processing component: Ego
2026-02-04 04:33:14,392 - INFO - 🛠️ Processing Ego
2026-02-04 04:33:14,392 - INFO - 🛠️ Generating new Ego
2026-02-04 04:33:43,088 - INFO - ✅ Generated new component: Ego (length: 802)
2026-02-04 04:33:43,088 - INFO - ✅ Generated Ego
2026-02-04 04:33:43,088 - INFO -  🛠️ Processing component: Adversarials
2026-02-04 04:33:43,088 - INFO - 🛠️ Generating new Adversarial 1
2026-02-04 04:34:08,474 - INFO - ✅ Generated new component: Adversarial (length: 589)
2026-02-04 04:34:08,474 - INFO - ✅ Generated Adversarial 1
2026-02-04 04:34:08,474 - INFO -  🛠️ Processing component: Requirement and restrictions
2026-02-04 04:34:08,475 - INFO - 🛠️ Processing Requirement and restrictions
2026-02-04 04:34:08,475 - INFO - 🛠️ Generating new Requirement and restrictions
2026-02-04 04:35:21,329 - INFO - ✅ Generated new component: Requirement and restrictions (length: 532)
2026-02-04 04:35:21,329 - INFO - ✅ Generated Requirement and restrictions
2026-02-04 04:35:21,329 - INFO - ✅ All components processed
2026-02-04 04:35:21,329 - INFO - 🧩 Assembling scenario by concatenating components
2026-02-04 04:35:21,329 - INFO - 🔍 Available components: ['Header', 'Spatial Relation', 'Ego', 'Adversarials', 'Requirement and restrictions']
2026-02-04 04:35:21,329 - INFO - ✅ Added Header code
2026-02-04 04:35:21,329 - INFO - ✅ Added Spatial Relation code
2026-02-04 04:35:21,329 - INFO - ✅ Added Ego code
2026-02-04 04:35:21,336 - INFO - ✅ Added Adversarials code
2026-02-04 04:35:21,336 - INFO - ✅ Added Requirement and restrictions code
2026-02-04 04:35:21,336 - INFO - ==============================
2026-02-04 04:35:21,336 - INFO - SCENARIO GENERATION SUMMARY
2026-02-04 04:35:21,336 - INFO - ==============================
2026-02-04 04:35:21,336 - INFO - Total Generation Time: 3m 34.01s
2026-02-04 04:35:21,336 - INFO - 
2026-02-04 04:35:21,336 - INFO - Component Sources:
2026-02-04 04:35:21,336 - INFO - ------------------------------
2026-02-04 04:35:21,336 - INFO -   Header                         -> GENERATED
2026-02-04 04:35:21,336 - INFO -   Ego                            -> GENERATED
2026-02-04 04:35:21,336 - INFO -   Adversarials 0                 -> GENERATED
2026-02-04 04:35:21,339 - INFO -   Spatial Relation               -> GENERATED
2026-02-04 04:35:21,339 - INFO -   Requirement and restrictions   -> GENERATED
2026-02-04 04:35:21,339 - INFO - ==============================
2026-02-04 04:35:21,342 - INFO - 📊 Generation summary written to: results\20260204_9064_the_ego_attempts_an_unprotected\generation_summary.json
2026-02-04 04:35:21,342 - INFO - ✅ Scenario 027: Logs -> results\20260204_9064_the_ego_attempts_an_unprotected | Status: SUCCESS
2026-02-04 04:35:21,516 - INFO - 
================================================================================
2026-02-04 04:35:21,516 - INFO - 🚀 Processing Scenario 28/40
2026-02-04 04:35:21,516 - INFO - 📝 Description: The ego commences an unprotected left turn at an intersection while yielding to an oncoming car when the adversarial car, comes from the right, blocks multiple lanes by driving extremely slowly, forcing the ego vehicle to change lanes.
2026-02-04 04:35:21,516 - INFO - ================================================================================

2026-02-04 04:35:21,523 - INFO - Load pretrained SentenceTransformer: sentence-transformers/all-MiniLM-L6-v2
2026-02-04 04:35:23,675 - WARNING - Failed to initialize AsyncMilvusClient during Milvus initialization: <ConnectionConfigException: (code=1, message=Cannot create async connection: no running event loop. Please ensure you are running in an async context.)>. Async operations will be unavailable until AsyncMilvusClient is successfully created.
2026-02-04 04:35:23,932 - INFO - Load pretrained SentenceTransformer: sentence-transformers/all-MiniLM-L6-v2
2026-02-04 04:35:26,009 - INFO - 📊 Generation summary written to: results\20260204_9064_the_ego_attempts_an_unprotected\generation_summary.json
2026-02-04 04:35:26,009 - INFO - 📁 AgentLogger initialized. Logs will be saved to: results\20260204_8714_the_ego_commences_an_unprotected
2026-02-04 04:35:31,073 - INFO - 🔍 Auto-detecting settings from user query...
2026-02-04 04:36:00,475 - INFO - 🗺️ Auto-detected map: Town05 (confidence: 0.60)
2026-02-04 04:36:00,475 - INFO -    Reasoning: The query explicitly mentions an 'intersection', which maps to an urban environment (Town05). No specific weather conditions were detected, so weather is null. Time of day and vehicle blueprint are set to their specified defaults (Noon and Lincoln MKZ) as per the detection rules.
2026-02-04 04:36:00,475 - INFO - 🚗 Auto-detected blueprint: vehicle.lincoln.mkz_2017 (confidence: 0.60)
2026-02-04 04:36:00,475 - INFO -    Reasoning: The query explicitly mentions an 'intersection', which maps to an urban environment (Town05). No specific weather conditions were detected, so weather is null. Time of day and vehicle blueprint are set to their specified defaults (Noon and Lincoln MKZ) as per the detection rules.
2026-02-04 04:36:00,475 - INFO - 🌤️ Using default weather: ClearNoon
2026-02-04 04:36:00,475 - INFO - 🎨 Generating Header component
2026-02-04 04:36:02,680 - INFO - 🔍 Searching for scenarios
2026-02-04 04:36:02,697 - INFO - ✅ Selected scenario: chatscene_21
2026-02-04 04:36:02,700 - INFO - 📝 Always Generate Mode: Preparing to generate all components from scratch
2026-02-04 04:36:02,700 - INFO - 🛠️ Component Ego marked for mandatory generation
2026-02-04 04:36:02,700 - INFO - 🛠️ Component Adversarials marked for mandatory generation
2026-02-04 04:36:02,700 - INFO - 🛠️ Component Spatial Relation marked for mandatory generation
2026-02-04 04:36:02,701 - INFO - 🛠️ Component Requirement and restrictions marked for mandatory generation
2026-02-04 04:36:02,702 - INFO - 🔍 Searching better matches for 4 components: ['Ego', 'Adversarials', 'Spatial Relation', 'Requirement and restrictions']
2026-02-04 04:36:02,702 - INFO -  🛠️ Processing component: Spatial Relation
2026-02-04 04:36:02,702 - INFO - 🛠️ Processing Spatial Relation
2026-02-04 04:36:02,704 - INFO - 🛠️ Generating new Spatial Relation
2026-02-04 04:37:37,937 - INFO - ✅ Generated new component: Spatial Relation (length: 1178)
2026-02-04 04:37:37,937 - INFO - ✅ Generated Spatial Relation
2026-02-04 04:37:37,937 - INFO -  🛠️ Processing component: Ego
2026-02-04 04:37:37,937 - INFO - 🛠️ Processing Ego
2026-02-04 04:37:37,937 - INFO - 🛠️ Generating new Ego
2026-02-04 04:38:52,938 - INFO - ✅ Generated new component: Ego (length: 1009)
2026-02-04 04:38:52,938 - INFO - ✅ Generated Ego
2026-02-04 04:38:52,938 - INFO -  🛠️ Processing component: Adversarials
2026-02-04 04:38:52,938 - INFO - 🛠️ Generating new Adversarial 1
2026-02-04 04:40:12,415 - INFO - ✅ Generated new component: Adversarial (length: 304)
2026-02-04 04:40:12,415 - INFO - ✅ Generated Adversarial 1
2026-02-04 04:40:12,415 - INFO - 🛠️ Generating new Adversarial 2
2026-02-04 04:41:19,522 - INFO - ✅ Generated new component: Adversarial (length: 576)
2026-02-04 04:41:19,522 - INFO - ✅ Generated Adversarial 2
2026-02-04 04:41:19,522 - INFO -  🛠️ Processing component: Requirement and restrictions
2026-02-04 04:41:19,525 - INFO - 🛠️ Processing Requirement and restrictions
2026-02-04 04:41:19,525 - INFO - 🛠️ Generating new Requirement and restrictions
2026-02-04 04:41:59,939 - INFO - ✅ Generated new component: Requirement and restrictions (length: 569)
2026-02-04 04:41:59,939 - INFO - ✅ Generated Requirement and restrictions
2026-02-04 04:41:59,939 - INFO - ✅ All components processed
2026-02-04 04:41:59,939 - INFO - 🧩 Assembling scenario by concatenating components
2026-02-04 04:41:59,939 - INFO - 🔍 Available components: ['Header', 'Spatial Relation', 'Ego', 'Adversarials', 'Requirement and restrictions']
2026-02-04 04:41:59,939 - INFO - ✅ Added Header code
2026-02-04 04:41:59,939 - INFO - ✅ Added Spatial Relation code
2026-02-04 04:41:59,939 - INFO - ✅ Added Ego code
2026-02-04 04:41:59,939 - INFO - ✅ Added Adversarials code
2026-02-04 04:41:59,939 - INFO - ✅ Added Adversarials code
2026-02-04 04:41:59,939 - INFO - ✅ Added Requirement and restrictions code
2026-02-04 04:41:59,939 - INFO - ==============================
2026-02-04 04:41:59,939 - INFO - SCENARIO GENERATION SUMMARY
2026-02-04 04:41:59,939 - INFO - ==============================
2026-02-04 04:41:59,939 - INFO - Total Generation Time: 6m 28.87s
2026-02-04 04:41:59,939 - INFO - 
2026-02-04 04:41:59,939 - INFO - Component Sources:
2026-02-04 04:41:59,939 - INFO - ------------------------------
2026-02-04 04:41:59,939 - INFO -   Header                         -> GENERATED
2026-02-04 04:41:59,939 - INFO -   Ego                            -> GENERATED
2026-02-04 04:41:59,939 - INFO -   Adversarials 0                 -> GENERATED
2026-02-04 04:41:59,946 - INFO -   Adversarials 1                 -> GENERATED
2026-02-04 04:41:59,946 - INFO -   Spatial Relation               -> GENERATED
2026-02-04 04:41:59,946 - INFO -   Requirement and restrictions   -> GENERATED
2026-02-04 04:41:59,946 - INFO - ==============================
2026-02-04 04:41:59,949 - INFO - 📊 Generation summary written to: results\20260204_8714_the_ego_commences_an_unprotected\generation_summary.json
2026-02-04 04:41:59,949 - INFO - ✅ Scenario 028: Logs -> results\20260204_8714_the_ego_commences_an_unprotected | Status: SUCCESS
2026-02-04 04:42:00,128 - INFO - 
================================================================================
2026-02-04 04:42:00,128 - INFO - 🚀 Processing Scenario 29/40
2026-02-04 04:42:00,128 - INFO - 📝 Description: The ego vehicle is making an unprotected left turn; the adversarial vehicle approaches the intersection at a normal speed but then suddenly attempts to make a last-second right turn.
2026-02-04 04:42:00,128 - INFO - ================================================================================

2026-02-04 04:42:00,145 - INFO - Load pretrained SentenceTransformer: sentence-transformers/all-MiniLM-L6-v2
2026-02-04 04:42:02,271 - WARNING - Failed to initialize AsyncMilvusClient during Milvus initialization: <ConnectionConfigException: (code=1, message=Cannot create async connection: no running event loop. Please ensure you are running in an async context.)>. Async operations will be unavailable until AsyncMilvusClient is successfully created.
2026-02-04 04:42:02,423 - INFO - Load pretrained SentenceTransformer: sentence-transformers/all-MiniLM-L6-v2
2026-02-04 04:42:04,444 - INFO - 📊 Generation summary written to: results\20260204_8714_the_ego_commences_an_unprotected\generation_summary.json
2026-02-04 04:42:04,444 - INFO - 📁 AgentLogger initialized. Logs will be saved to: results\20260204_3606_the_ego_vehicle_is_making
2026-02-04 04:42:09,038 - INFO - 🔍 Auto-detecting settings from user query...
2026-02-04 04:42:22,386 - INFO - 🗺️ Auto-detected map: Town05 (confidence: 0.60)
2026-02-04 04:42:22,386 - INFO -    Reasoning: The query mentions an 'intersection' and 'left turn', which strongly implies an urban environment (Town05). No specific weather, time, or vehicle model was mentioned, so time defaults to 'noon' and the vehicle blueprint defaults to 'vehicle.lincoln.mkz_2017' as per the rules.
2026-02-04 04:42:22,386 - INFO - 🚗 Auto-detected blueprint: vehicle.lincoln.mkz_2017 (confidence: 0.60)
2026-02-04 04:42:22,386 - INFO -    Reasoning: The query mentions an 'intersection' and 'left turn', which strongly implies an urban environment (Town05). No specific weather, time, or vehicle model was mentioned, so time defaults to 'noon' and the vehicle blueprint defaults to 'vehicle.lincoln.mkz_2017' as per the rules.
2026-02-04 04:42:22,386 - INFO - 🌤️ Using default weather: ClearNoon
2026-02-04 04:42:22,386 - INFO - 🎨 Generating Header component
2026-02-04 04:42:25,070 - INFO - 🔍 Searching for scenarios
2026-02-04 04:42:25,088 - INFO - ✅ Selected scenario: 73
2026-02-04 04:42:25,091 - INFO - 📝 Always Generate Mode: Preparing to generate all components from scratch
2026-02-04 04:42:25,091 - INFO - 🛠️ Component Ego marked for mandatory generation
2026-02-04 04:42:25,092 - INFO - 🛠️ Component Adversarials marked for mandatory generation
2026-02-04 04:42:25,092 - INFO - 🛠️ Component Spatial Relation marked for mandatory generation
2026-02-04 04:42:25,092 - INFO - 🛠️ Component Requirement and restrictions marked for mandatory generation
2026-02-04 04:42:25,093 - INFO - 🔍 Searching better matches for 4 components: ['Ego', 'Adversarials', 'Spatial Relation', 'Requirement and restrictions']
2026-02-04 04:42:25,094 - INFO -  🛠️ Processing component: Spatial Relation
2026-02-04 04:42:25,094 - INFO - 🛠️ Processing Spatial Relation
2026-02-04 04:42:25,094 - INFO - 🛠️ Generating new Spatial Relation
2026-02-04 04:43:03,531 - INFO - ✅ Generated new component: Spatial Relation (length: 897)
2026-02-04 04:43:03,531 - INFO - ✅ Generated Spatial Relation
2026-02-04 04:43:03,531 - INFO -  🛠️ Processing component: Ego
2026-02-04 04:43:03,531 - INFO - 🛠️ Processing Ego
2026-02-04 04:43:03,531 - INFO - 🛠️ Generating new Ego
2026-02-04 04:43:15,082 - INFO - ✅ Generated new component: Ego (length: 456)
2026-02-04 04:43:15,082 - INFO - ✅ Generated Ego
2026-02-04 04:43:15,082 - INFO -  🛠️ Processing component: Adversarials
2026-02-04 04:43:15,082 - INFO - 🛠️ Generating new Adversarial 1
2026-02-04 04:44:16,756 - INFO - ✅ Generated new component: Adversarial (length: 844)
2026-02-04 04:44:16,756 - INFO - ✅ Generated Adversarial 1
2026-02-04 04:44:16,756 - INFO -  🛠️ Processing component: Requirement and restrictions
2026-02-04 04:44:16,756 - INFO - 🛠️ Processing Requirement and restrictions
2026-02-04 04:44:16,756 - INFO - 🛠️ Generating new Requirement and restrictions
2026-02-04 04:45:23,374 - INFO - ✅ Generated new component: Requirement and restrictions (length: 739)
2026-02-04 04:45:23,374 - INFO - ✅ Generated Requirement and restrictions
2026-02-04 04:45:23,374 - INFO - ✅ All components processed
2026-02-04 04:45:23,374 - INFO - 🧩 Assembling scenario by concatenating components
2026-02-04 04:45:23,374 - INFO - 🔍 Available components: ['Header', 'Spatial Relation', 'Ego', 'Adversarials', 'Requirement and restrictions']
2026-02-04 04:45:23,374 - INFO - ✅ Added Header code
2026-02-04 04:45:23,374 - INFO - ✅ Added Spatial Relation code
2026-02-04 04:45:23,374 - INFO - ✅ Added Ego code
2026-02-04 04:45:23,374 - INFO - ✅ Added Adversarials code
2026-02-04 04:45:23,374 - INFO - ✅ Added Requirement and restrictions code
2026-02-04 04:45:23,374 - INFO - ==============================
2026-02-04 04:45:23,382 - INFO - SCENARIO GENERATION SUMMARY
2026-02-04 04:45:23,382 - INFO - ==============================
2026-02-04 04:45:23,382 - INFO - Total Generation Time: 3m 14.34s
2026-02-04 04:45:23,382 - INFO - 
2026-02-04 04:45:23,382 - INFO - Component Sources:
2026-02-04 04:45:23,382 - INFO - ------------------------------
2026-02-04 04:45:23,383 - INFO -   Header                         -> GENERATED
2026-02-04 04:45:23,383 - INFO -   Ego                            -> GENERATED
2026-02-04 04:45:23,383 - INFO -   Adversarials 0                 -> GENERATED
2026-02-04 04:45:23,384 - INFO -   Spatial Relation               -> GENERATED
2026-02-04 04:45:23,384 - INFO -   Requirement and restrictions   -> GENERATED
2026-02-04 04:45:23,384 - INFO - ==============================
2026-02-04 04:45:23,388 - INFO - 📊 Generation summary written to: results\20260204_3606_the_ego_vehicle_is_making\generation_summary.json
2026-02-04 04:45:23,388 - INFO - ✅ Scenario 029: Logs -> results\20260204_3606_the_ego_vehicle_is_making | Status: SUCCESS
2026-02-04 04:45:23,551 - INFO - 
================================================================================
2026-02-04 04:45:23,551 - INFO - 🚀 Processing Scenario 30/40
2026-02-04 04:45:23,551 - INFO - 📝 Description: The ego attempts an unprotected left turn at an intersection while yielding to an oncoming car when the oncoming car veer erratically.
2026-02-04 04:45:23,551 - INFO - ================================================================================

2026-02-04 04:45:23,579 - INFO - Load pretrained SentenceTransformer: sentence-transformers/all-MiniLM-L6-v2
2026-02-04 04:45:25,689 - WARNING - Failed to initialize AsyncMilvusClient during Milvus initialization: <ConnectionConfigException: (code=1, message=Cannot create async connection: no running event loop. Please ensure you are running in an async context.)>. Async operations will be unavailable until AsyncMilvusClient is successfully created.
2026-02-04 04:45:25,843 - INFO - Load pretrained SentenceTransformer: sentence-transformers/all-MiniLM-L6-v2
2026-02-04 04:45:27,943 - INFO - 📊 Generation summary written to: results\20260204_3606_the_ego_vehicle_is_making\generation_summary.json
2026-02-04 04:45:27,943 - INFO - 📁 AgentLogger initialized. Logs will be saved to: results\20260204_1032_the_ego_attempts_an_unprotected
2026-02-04 04:45:35,361 - INFO - 🔍 Auto-detecting settings from user query...
2026-02-04 04:45:46,402 - INFO - 🗺️ Auto-detected map: Town05 (confidence: 0.70)
2026-02-04 04:45:46,402 - INFO -    Reasoning: The query explicitly mentions an 'intersection' and a 'left turn', which maps to Town05. No specific weather conditions were mentioned, so the weather field is null. Time of day defaults to noon and the vehicle blueprint defaults to the Lincoln MKZ as per the rules.
2026-02-04 04:45:46,402 - INFO - 🚗 Auto-detected blueprint: vehicle.lincoln.mkz_2017 (confidence: 0.70)
2026-02-04 04:45:46,402 - INFO -    Reasoning: The query explicitly mentions an 'intersection' and a 'left turn', which maps to Town05. No specific weather conditions were mentioned, so the weather field is null. Time of day defaults to noon and the vehicle blueprint defaults to the Lincoln MKZ as per the rules.
2026-02-04 04:45:46,402 - INFO - 🌤️ Using default weather: ClearNoon
2026-02-04 04:45:46,402 - INFO - 🎨 Generating Header component
2026-02-04 04:45:48,434 - INFO - 🔍 Searching for scenarios
2026-02-04 04:45:48,468 - INFO - ✅ Selected scenario: chatscene_23
2026-02-04 04:45:48,471 - INFO - 📝 Always Generate Mode: Preparing to generate all components from scratch
2026-02-04 04:45:48,472 - INFO - 🛠️ Component Ego marked for mandatory generation
2026-02-04 04:45:48,472 - INFO - 🛠️ Component Adversarials marked for mandatory generation
2026-02-04 04:45:48,472 - INFO - 🛠️ Component Spatial Relation marked for mandatory generation
2026-02-04 04:45:48,472 - INFO - 🛠️ Component Requirement and restrictions marked for mandatory generation
2026-02-04 04:45:48,473 - INFO - 🔍 Searching better matches for 4 components: ['Ego', 'Adversarials', 'Spatial Relation', 'Requirement and restrictions']
2026-02-04 04:45:48,474 - INFO -  🛠️ Processing component: Spatial Relation
2026-02-04 04:45:48,475 - INFO - 🛠️ Processing Spatial Relation
2026-02-04 04:45:48,475 - INFO - 🛠️ Generating new Spatial Relation
2026-02-04 04:46:16,302 - INFO - ✅ Generated new component: Spatial Relation (length: 641)
2026-02-04 04:46:16,302 - INFO - ✅ Generated Spatial Relation
2026-02-04 04:46:16,302 - INFO -  🛠️ Processing component: Ego
2026-02-04 04:46:16,302 - INFO - 🛠️ Processing Ego
2026-02-04 04:46:16,302 - INFO - 🛠️ Generating new Ego
2026-02-04 04:46:49,101 - INFO - ✅ Generated new component: Ego (length: 513)
2026-02-04 04:46:49,103 - INFO - ✅ Generated Ego
2026-02-04 04:46:49,103 - INFO -  🛠️ Processing component: Adversarials
2026-02-04 04:46:49,103 - INFO - 🛠️ Generating new Adversarial 1
2026-02-04 04:47:35,202 - INFO - ✅ Generated new component: Adversarial (length: 528)
2026-02-04 04:47:35,202 - INFO - ✅ Generated Adversarial 1
2026-02-04 04:47:35,202 - INFO -  🛠️ Processing component: Requirement and restrictions
2026-02-04 04:47:35,202 - INFO - 🛠️ Processing Requirement and restrictions
2026-02-04 04:47:35,202 - INFO - 🛠️ Generating new Requirement and restrictions
2026-02-04 04:48:38,821 - INFO - ✅ Generated new component: Requirement and restrictions (length: 432)
2026-02-04 04:48:38,821 - INFO - ✅ Generated Requirement and restrictions
2026-02-04 04:48:38,821 - INFO - ✅ All components processed
2026-02-04 04:48:38,825 - INFO - 🧩 Assembling scenario by concatenating components
2026-02-04 04:48:38,825 - INFO - 🔍 Available components: ['Header', 'Spatial Relation', 'Ego', 'Adversarials', 'Requirement and restrictions']
2026-02-04 04:48:38,825 - INFO - ✅ Added Header code
2026-02-04 04:48:38,825 - INFO - ✅ Added Spatial Relation code
2026-02-04 04:48:38,825 - INFO - ✅ Added Ego code
2026-02-04 04:48:38,825 - INFO - ✅ Added Adversarials code
2026-02-04 04:48:38,825 - INFO - ✅ Added Requirement and restrictions code
2026-02-04 04:48:38,825 - INFO - ==============================
2026-02-04 04:48:38,825 - INFO - SCENARIO GENERATION SUMMARY
2026-02-04 04:48:38,825 - INFO - ==============================
2026-02-04 04:48:38,825 - INFO - Total Generation Time: 3m 3.46s
2026-02-04 04:48:38,829 - INFO - 
2026-02-04 04:48:38,829 - INFO - Component Sources:
2026-02-04 04:48:38,829 - INFO - ------------------------------
2026-02-04 04:48:38,829 - INFO -   Header                         -> GENERATED
2026-02-04 04:48:38,829 - INFO -   Ego                            -> GENERATED
2026-02-04 04:48:38,829 - INFO -   Adversarials 0                 -> GENERATED
2026-02-04 04:48:38,830 - INFO -   Spatial Relation               -> GENERATED
2026-02-04 04:48:38,830 - INFO -   Requirement and restrictions   -> GENERATED
2026-02-04 04:48:38,830 - INFO - ==============================
2026-02-04 04:48:38,834 - INFO - 📊 Generation summary written to: results\20260204_1032_the_ego_attempts_an_unprotected\generation_summary.json
2026-02-04 04:48:38,834 - INFO - ✅ Scenario 030: Logs -> results\20260204_1032_the_ego_attempts_an_unprotected | Status: SUCCESS
2026-02-04 04:48:39,002 - INFO - 
================================================================================
2026-02-04 04:48:39,012 - INFO - 🚀 Processing Scenario 31/40
2026-02-04 04:48:39,012 - INFO - 📝 Description: The ego is performing a right turn at an intersection when the crossing car suddenly speeds up, entering the intersection and causing the ego to brake abruptly to avoid a collision.
2026-02-04 04:48:39,012 - INFO - ================================================================================

2026-02-04 04:48:39,038 - INFO - Load pretrained SentenceTransformer: sentence-transformers/all-MiniLM-L6-v2
2026-02-04 04:48:41,194 - WARNING - Failed to initialize AsyncMilvusClient during Milvus initialization: <ConnectionConfigException: (code=1, message=Cannot create async connection: no running event loop. Please ensure you are running in an async context.)>. Async operations will be unavailable until AsyncMilvusClient is successfully created.
2026-02-04 04:48:41,356 - INFO - Load pretrained SentenceTransformer: sentence-transformers/all-MiniLM-L6-v2
2026-02-04 04:48:43,404 - INFO - 📊 Generation summary written to: results\20260204_1032_the_ego_attempts_an_unprotected\generation_summary.json
2026-02-04 04:48:43,404 - INFO - 📁 AgentLogger initialized. Logs will be saved to: results\20260204_6565_the_ego_is_performing_a
2026-02-04 04:48:49,242 - INFO - 🔍 Auto-detecting settings from user query...
2026-02-04 04:49:05,643 - INFO - 🗺️ Auto-detected map: Town05 (confidence: 0.70)
2026-02-04 04:49:05,644 - INFO -    Reasoning: The query explicitly mentions an 'intersection', which maps to Town05 and an urban map type. Weather is not mentioned, so it is set to null. Time of day and vehicle model are not specified, thus they default to 'noon' and the Lincoln MKZ blueprint respectively.
2026-02-04 04:49:05,644 - INFO - 🚗 Auto-detected blueprint: vehicle.lincoln.mkz_2017 (confidence: 0.70)
2026-02-04 04:49:05,644 - INFO -    Reasoning: The query explicitly mentions an 'intersection', which maps to Town05 and an urban map type. Weather is not mentioned, so it is set to null. Time of day and vehicle model are not specified, thus they default to 'noon' and the Lincoln MKZ blueprint respectively.
2026-02-04 04:49:05,644 - INFO - 🌤️ Using default weather: ClearNoon
2026-02-04 04:49:05,644 - INFO - 🎨 Generating Header component
2026-02-04 04:49:08,122 - INFO - 🔍 Searching for scenarios
2026-02-04 04:49:08,138 - INFO - ✅ Selected scenario: chatscene_25
2026-02-04 04:49:08,142 - INFO - 📝 Always Generate Mode: Preparing to generate all components from scratch
2026-02-04 04:49:08,142 - INFO - 🛠️ Component Ego marked for mandatory generation
2026-02-04 04:49:08,142 - INFO - 🛠️ Component Adversarials marked for mandatory generation
2026-02-04 04:49:08,143 - INFO - 🛠️ Component Spatial Relation marked for mandatory generation
2026-02-04 04:49:08,143 - INFO - 🛠️ Component Requirement and restrictions marked for mandatory generation
2026-02-04 04:49:08,144 - INFO - 🔍 Searching better matches for 4 components: ['Ego', 'Adversarials', 'Spatial Relation', 'Requirement and restrictions']
2026-02-04 04:49:08,145 - INFO -  🛠️ Processing component: Spatial Relation
2026-02-04 04:49:08,146 - INFO - 🛠️ Processing Spatial Relation
2026-02-04 04:49:08,146 - INFO - 🛠️ Generating new Spatial Relation
2026-02-04 04:49:39,532 - INFO - ✅ Generated new component: Spatial Relation (length: 639)
2026-02-04 04:49:39,532 - INFO - ✅ Generated Spatial Relation
2026-02-04 04:49:39,533 - INFO -  🛠️ Processing component: Ego
2026-02-04 04:49:39,533 - INFO - 🛠️ Processing Ego
2026-02-04 04:49:39,533 - INFO - 🛠️ Generating new Ego
2026-02-04 04:49:47,181 - INFO - ✅ Generated new component: Ego (length: 476)
2026-02-04 04:49:47,182 - INFO - ✅ Generated Ego
2026-02-04 04:49:47,182 - INFO -  🛠️ Processing component: Adversarials
2026-02-04 04:49:47,182 - INFO - 🛠️ Generating new Adversarial 1
2026-02-04 04:50:02,670 - INFO - ✅ Generated new component: Adversarial (length: 705)
2026-02-04 04:50:02,670 - INFO - ✅ Generated Adversarial 1
2026-02-04 04:50:02,670 - INFO -  🛠️ Processing component: Requirement and restrictions
2026-02-04 04:50:02,670 - INFO - 🛠️ Processing Requirement and restrictions
2026-02-04 04:50:02,670 - INFO - 🛠️ Generating new Requirement and restrictions
2026-02-04 04:50:56,557 - INFO - ✅ Generated new component: Requirement and restrictions (length: 281)
2026-02-04 04:50:56,567 - INFO - ✅ Generated Requirement and restrictions
2026-02-04 04:50:56,567 - INFO - ✅ All components processed
2026-02-04 04:50:56,567 - INFO - 🧩 Assembling scenario by concatenating components
2026-02-04 04:50:56,567 - INFO - 🔍 Available components: ['Header', 'Spatial Relation', 'Ego', 'Adversarials', 'Requirement and restrictions']
2026-02-04 04:50:56,567 - INFO - ✅ Added Header code
2026-02-04 04:50:56,567 - INFO - ✅ Added Spatial Relation code
2026-02-04 04:50:56,567 - INFO - ✅ Added Ego code
2026-02-04 04:50:56,567 - INFO - ✅ Added Adversarials code
2026-02-04 04:50:56,567 - INFO - ✅ Added Requirement and restrictions code
2026-02-04 04:50:56,567 - INFO - ==============================
2026-02-04 04:50:56,571 - INFO - SCENARIO GENERATION SUMMARY
2026-02-04 04:50:56,571 - INFO - ==============================
2026-02-04 04:50:56,571 - INFO - Total Generation Time: 2m 7.32s
2026-02-04 04:50:56,571 - INFO - 
2026-02-04 04:50:56,571 - INFO - Component Sources:
2026-02-04 04:50:56,571 - INFO - ------------------------------
2026-02-04 04:50:56,571 - INFO -   Header                         -> GENERATED
2026-02-04 04:50:56,571 - INFO -   Ego                            -> GENERATED
2026-02-04 04:50:56,571 - INFO -   Adversarials 0                 -> GENERATED
2026-02-04 04:50:56,571 - INFO -   Spatial Relation               -> GENERATED
2026-02-04 04:50:56,573 - INFO -   Requirement and restrictions   -> GENERATED
2026-02-04 04:50:56,573 - INFO - ==============================
2026-02-04 04:50:56,576 - INFO - 📊 Generation summary written to: results\20260204_6565_the_ego_is_performing_a\generation_summary.json
2026-02-04 04:50:56,576 - INFO - ✅ Scenario 031: Logs -> results\20260204_6565_the_ego_is_performing_a | Status: SUCCESS
2026-02-04 04:50:56,743 - INFO - 
================================================================================
2026-02-04 04:50:56,743 - INFO - 🚀 Processing Scenario 32/40
2026-02-04 04:50:56,743 - INFO - 📝 Description: The ego vehicle is turning right; the adversarial car (positioned ahead on the right) blocks the lane by braking suddenly.
2026-02-04 04:50:56,743 - INFO - ================================================================================

2026-02-04 04:50:56,760 - INFO - Load pretrained SentenceTransformer: sentence-transformers/all-MiniLM-L6-v2
2026-02-04 04:50:58,816 - WARNING - Failed to initialize AsyncMilvusClient during Milvus initialization: <ConnectionConfigException: (code=1, message=Cannot create async connection: no running event loop. Please ensure you are running in an async context.)>. Async operations will be unavailable until AsyncMilvusClient is successfully created.
2026-02-04 04:50:58,967 - INFO - Load pretrained SentenceTransformer: sentence-transformers/all-MiniLM-L6-v2
2026-02-04 04:51:00,977 - INFO - 📊 Generation summary written to: results\20260204_6565_the_ego_is_performing_a\generation_summary.json
2026-02-04 04:51:00,977 - INFO - 📁 AgentLogger initialized. Logs will be saved to: results\20260204_7942_the_ego_vehicle_is_turning
2026-02-04 04:51:06,076 - INFO - 🔍 Auto-detecting settings from user query...
2026-02-04 04:51:20,269 - INFO - 🗺️ Auto-detected map: Town05 (confidence: 0.60)
2026-02-04 04:51:20,270 - INFO -    Reasoning: The query mentions 'turning right', which implies an intersection or junction (mapping to Town05). No specific weather, time of day, or vehicle model was mentioned, so defaults for time (noon) and vehicle (lincoln) were used, while weather was set to null as per instructions.
2026-02-04 04:51:20,270 - INFO - 🚗 Auto-detected blueprint: vehicle.lincoln.mkz_2017 (confidence: 0.60)
2026-02-04 04:51:20,270 - INFO -    Reasoning: The query mentions 'turning right', which implies an intersection or junction (mapping to Town05). No specific weather, time of day, or vehicle model was mentioned, so defaults for time (noon) and vehicle (lincoln) were used, while weather was set to null as per instructions.
2026-02-04 04:51:20,272 - INFO - 🌤️ Using default weather: ClearNoon
2026-02-04 04:51:20,272 - INFO - 🎨 Generating Header component
2026-02-04 04:51:21,996 - INFO - 🔍 Searching for scenarios
2026-02-04 04:51:22,032 - INFO - ✅ Selected scenario: chatscene_26
2026-02-04 04:51:22,036 - INFO - 📝 Always Generate Mode: Preparing to generate all components from scratch
2026-02-04 04:51:22,036 - INFO - 🛠️ Component Ego marked for mandatory generation
2026-02-04 04:51:22,037 - INFO - 🛠️ Component Adversarials marked for mandatory generation
2026-02-04 04:51:22,037 - INFO - 🛠️ Component Spatial Relation marked for mandatory generation
2026-02-04 04:51:22,037 - INFO - 🛠️ Component Requirement and restrictions marked for mandatory generation
2026-02-04 04:51:22,038 - INFO - 🔍 Searching better matches for 4 components: ['Ego', 'Adversarials', 'Spatial Relation', 'Requirement and restrictions']
2026-02-04 04:51:22,039 - INFO -  🛠️ Processing component: Spatial Relation
2026-02-04 04:51:22,039 - INFO - 🛠️ Processing Spatial Relation
2026-02-04 04:51:22,040 - INFO - 🛠️ Generating new Spatial Relation
2026-02-04 04:52:48,990 - INFO - ✅ Generated new component: Spatial Relation (length: 512)
2026-02-04 04:52:48,990 - INFO - ✅ Generated Spatial Relation
2026-02-04 04:52:48,990 - INFO -  🛠️ Processing component: Ego
2026-02-04 04:52:48,990 - INFO - 🛠️ Processing Ego
2026-02-04 04:52:48,990 - INFO - 🛠️ Generating new Ego
2026-02-04 04:53:01,110 - INFO - ✅ Generated new component: Ego (length: 434)
2026-02-04 04:53:01,110 - INFO - ✅ Generated Ego
2026-02-04 04:53:01,110 - INFO -  🛠️ Processing component: Adversarials
2026-02-04 04:53:01,110 - INFO - 🛠️ Generating new Adversarial 1
2026-02-04 04:53:29,551 - INFO - ✅ Generated new component: Adversarial (length: 464)
2026-02-04 04:53:29,551 - INFO - ✅ Generated Adversarial 1
2026-02-04 04:53:29,551 - INFO -  🛠️ Processing component: Requirement and restrictions
2026-02-04 04:53:29,551 - INFO - 🛠️ Processing Requirement and restrictions
2026-02-04 04:53:29,551 - INFO - 🛠️ Generating new Requirement and restrictions
2026-02-04 04:54:06,910 - INFO - ✅ Generated new component: Requirement and restrictions (length: 548)
2026-02-04 04:54:06,910 - INFO - ✅ Generated Requirement and restrictions
2026-02-04 04:54:06,910 - INFO - ✅ All components processed
2026-02-04 04:54:06,910 - INFO - 🧩 Assembling scenario by concatenating components
2026-02-04 04:54:06,910 - INFO - 🔍 Available components: ['Header', 'Spatial Relation', 'Ego', 'Adversarials', 'Requirement and restrictions']
2026-02-04 04:54:06,910 - INFO - ✅ Added Header code
2026-02-04 04:54:06,910 - INFO - ✅ Added Spatial Relation code
2026-02-04 04:54:06,910 - INFO - ✅ Added Ego code
2026-02-04 04:54:06,910 - INFO - ✅ Added Adversarials code
2026-02-04 04:54:06,910 - INFO - ✅ Added Requirement and restrictions code
2026-02-04 04:54:06,910 - INFO - ==============================
2026-02-04 04:54:06,910 - INFO - SCENARIO GENERATION SUMMARY
2026-02-04 04:54:06,910 - INFO - ==============================
2026-02-04 04:54:06,910 - INFO - Total Generation Time: 3m 0.83s
2026-02-04 04:54:06,910 - INFO - 
2026-02-04 04:54:06,910 - INFO - Component Sources:
2026-02-04 04:54:06,910 - INFO - ------------------------------
2026-02-04 04:54:06,910 - INFO -   Header                         -> GENERATED
2026-02-04 04:54:06,910 - INFO -   Ego                            -> GENERATED
2026-02-04 04:54:06,910 - INFO -   Adversarials 0                 -> GENERATED
2026-02-04 04:54:06,910 - INFO -   Spatial Relation               -> GENERATED
2026-02-04 04:54:06,910 - INFO -   Requirement and restrictions   -> GENERATED
2026-02-04 04:54:06,910 - INFO - ==============================
2026-02-04 04:54:06,921 - INFO - 📊 Generation summary written to: results\20260204_7942_the_ego_vehicle_is_turning\generation_summary.json
2026-02-04 04:54:06,921 - INFO - ✅ Scenario 032: Logs -> results\20260204_7942_the_ego_vehicle_is_turning | Status: SUCCESS
2026-02-04 04:54:07,088 - INFO - 
================================================================================
2026-02-04 04:54:07,088 - INFO - 🚀 Processing Scenario 33/40
2026-02-04 04:54:07,088 - INFO - 📝 Description: The ego vehicle is turning right; the adversarial vehicle enters the intersection from the left side, swerving to the right suddenly.
2026-02-04 04:54:07,088 - INFO - ================================================================================

2026-02-04 04:54:07,109 - INFO - Load pretrained SentenceTransformer: sentence-transformers/all-MiniLM-L6-v2
2026-02-04 04:54:09,213 - WARNING - Failed to initialize AsyncMilvusClient during Milvus initialization: <ConnectionConfigException: (code=1, message=Cannot create async connection: no running event loop. Please ensure you are running in an async context.)>. Async operations will be unavailable until AsyncMilvusClient is successfully created.
2026-02-04 04:54:09,369 - INFO - Load pretrained SentenceTransformer: sentence-transformers/all-MiniLM-L6-v2
2026-02-04 04:54:11,389 - INFO - 📊 Generation summary written to: results\20260204_7942_the_ego_vehicle_is_turning\generation_summary.json
2026-02-04 04:54:11,389 - INFO - 📁 AgentLogger initialized. Logs will be saved to: results\20260204_3512_the_ego_vehicle_is_turning
2026-02-04 04:54:15,521 - INFO - 🔍 Auto-detecting settings from user query...
2026-02-04 04:54:29,592 - INFO - 🗺️ Auto-detected map: Town05 (confidence: 0.60)
2026-02-04 04:54:29,592 - INFO -    Reasoning: The query explicitly mentions an 'intersection', which maps to an urban environment (Town05). No specific weather conditions, time of day, or vehicle models were mentioned, so the time defaults to 'noon' and the vehicle blueprint defaults to the Lincoln MKZ as per the detection rules.
2026-02-04 04:54:29,592 - INFO - 🚗 Auto-detected blueprint: vehicle.lincoln.mkz_2017 (confidence: 0.60)
2026-02-04 04:54:29,592 - INFO -    Reasoning: The query explicitly mentions an 'intersection', which maps to an urban environment (Town05). No specific weather conditions, time of day, or vehicle models were mentioned, so the time defaults to 'noon' and the vehicle blueprint defaults to the Lincoln MKZ as per the detection rules.
2026-02-04 04:54:29,592 - INFO - 🌤️ Using default weather: ClearNoon
2026-02-04 04:54:29,592 - INFO - 🎨 Generating Header component
2026-02-04 04:54:31,500 - INFO - 🔍 Searching for scenarios
2026-02-04 04:54:31,524 - INFO - ✅ Selected scenario: chatscene_27
2026-02-04 04:54:31,528 - INFO - 📝 Always Generate Mode: Preparing to generate all components from scratch
2026-02-04 04:54:31,529 - INFO - 🛠️ Component Ego marked for mandatory generation
2026-02-04 04:54:31,529 - INFO - 🛠️ Component Adversarials marked for mandatory generation
2026-02-04 04:54:31,529 - INFO - 🛠️ Component Spatial Relation marked for mandatory generation
2026-02-04 04:54:31,529 - INFO - 🛠️ Component Requirement and restrictions marked for mandatory generation
2026-02-04 04:54:31,530 - INFO - 🔍 Searching better matches for 4 components: ['Ego', 'Adversarials', 'Spatial Relation', 'Requirement and restrictions']
2026-02-04 04:54:31,531 - INFO -  🛠️ Processing component: Spatial Relation
2026-02-04 04:54:31,532 - INFO - 🛠️ Processing Spatial Relation
2026-02-04 04:54:31,532 - INFO - 🛠️ Generating new Spatial Relation
2026-02-04 04:55:29,593 - INFO - ✅ Generated new component: Spatial Relation (length: 786)
2026-02-04 04:55:29,600 - INFO - ✅ Generated Spatial Relation
2026-02-04 04:55:29,600 - INFO -  🛠️ Processing component: Ego
2026-02-04 04:55:29,600 - INFO - 🛠️ Processing Ego
2026-02-04 04:55:29,600 - INFO - 🛠️ Generating new Ego
2026-02-04 04:55:34,602 - INFO - ✅ Generated new component: Ego (length: 262)
2026-02-04 04:55:34,602 - INFO - ✅ Generated Ego
2026-02-04 04:55:34,605 - INFO -  🛠️ Processing component: Adversarials
2026-02-04 04:55:34,605 - INFO - 🛠️ Generating new Adversarial 1
2026-02-04 04:55:56,351 - INFO - ✅ Generated new component: Adversarial (length: 280)
2026-02-04 04:55:56,351 - INFO - ✅ Generated Adversarial 1
2026-02-04 04:55:56,351 - INFO -  🛠️ Processing component: Requirement and restrictions
2026-02-04 04:55:56,351 - INFO - 🛠️ Processing Requirement and restrictions
2026-02-04 04:55:56,351 - INFO - 🛠️ Generating new Requirement and restrictions
2026-02-04 04:56:41,041 - INFO - ✅ Generated new component: Requirement and restrictions (length: 776)
2026-02-04 04:56:41,041 - INFO - ✅ Generated Requirement and restrictions
2026-02-04 04:56:41,041 - INFO - ✅ All components processed
2026-02-04 04:56:41,046 - INFO - 🧩 Assembling scenario by concatenating components
2026-02-04 04:56:41,046 - INFO - 🔍 Available components: ['Header', 'Spatial Relation', 'Ego', 'Adversarials', 'Requirement and restrictions']
2026-02-04 04:56:41,046 - INFO - ✅ Added Header code
2026-02-04 04:56:41,046 - INFO - ✅ Added Spatial Relation code
2026-02-04 04:56:41,046 - INFO - ✅ Added Ego code
2026-02-04 04:56:41,046 - INFO - ✅ Added Adversarials code
2026-02-04 04:56:41,051 - INFO - ✅ Added Requirement and restrictions code
2026-02-04 04:56:41,051 - INFO - ==============================
2026-02-04 04:56:41,052 - INFO - SCENARIO GENERATION SUMMARY
2026-02-04 04:56:41,052 - INFO - ==============================
2026-02-04 04:56:41,053 - INFO - Total Generation Time: 2m 25.53s
2026-02-04 04:56:41,053 - INFO - 
2026-02-04 04:56:41,054 - INFO - Component Sources:
2026-02-04 04:56:41,054 - INFO - ------------------------------
2026-02-04 04:56:41,055 - INFO -   Header                         -> GENERATED
2026-02-04 04:56:41,055 - INFO -   Ego                            -> GENERATED
2026-02-04 04:56:41,055 - INFO -   Adversarials 0                 -> GENERATED
2026-02-04 04:56:41,055 - INFO -   Spatial Relation               -> GENERATED
2026-02-04 04:56:41,057 - INFO -   Requirement and restrictions   -> GENERATED
2026-02-04 04:56:41,057 - INFO - ==============================
2026-02-04 04:56:41,073 - INFO - 📊 Generation summary written to: results\20260204_3512_the_ego_vehicle_is_turning\generation_summary.json
2026-02-04 04:56:41,074 - INFO - ✅ Scenario 033: Logs -> results\20260204_3512_the_ego_vehicle_is_turning | Status: SUCCESS
2026-02-04 04:56:41,232 - INFO - 
================================================================================
2026-02-04 04:56:41,232 - INFO - 🚀 Processing Scenario 34/40
2026-02-04 04:56:41,232 - INFO - 📝 Description: The ego vehicle is turning right; the adversarial car (positioned ahead on the right) reverses abruptly.
2026-02-04 04:56:41,232 - INFO - ================================================================================

2026-02-04 04:56:41,247 - INFO - Load pretrained SentenceTransformer: sentence-transformers/all-MiniLM-L6-v2
2026-02-04 04:56:43,358 - WARNING - Failed to initialize AsyncMilvusClient during Milvus initialization: <ConnectionConfigException: (code=1, message=Cannot create async connection: no running event loop. Please ensure you are running in an async context.)>. Async operations will be unavailable until AsyncMilvusClient is successfully created.
2026-02-04 04:56:43,517 - INFO - Load pretrained SentenceTransformer: sentence-transformers/all-MiniLM-L6-v2
2026-02-04 04:56:45,581 - INFO - 📊 Generation summary written to: results\20260204_3512_the_ego_vehicle_is_turning\generation_summary.json
2026-02-04 04:56:45,582 - INFO - 📁 AgentLogger initialized. Logs will be saved to: results\20260204_4325_the_ego_vehicle_is_turning
2026-02-04 04:56:49,185 - INFO - 🔍 Auto-detecting settings from user query...
2026-02-04 04:57:05,056 - INFO - 🗺️ Auto-detected map: Town05 (confidence: 0.60)
2026-02-04 04:57:05,056 - INFO -    Reasoning: The query mentions 'turning right', which implies an intersection (Town05). The mention of a 'car' defaults to the Lincoln blueprint. No specific weather or time of day keywords were detected.
2026-02-04 04:57:05,056 - INFO - 🚗 Auto-detected blueprint: vehicle.lincoln.mkz_2017 (confidence: 0.60)
2026-02-04 04:57:05,056 - INFO -    Reasoning: The query mentions 'turning right', which implies an intersection (Town05). The mention of a 'car' defaults to the Lincoln blueprint. No specific weather or time of day keywords were detected.
2026-02-04 04:57:05,056 - INFO - 🌤️ Using default weather: ClearNoon
2026-02-04 04:57:05,056 - INFO - 🎨 Generating Header component
2026-02-04 04:57:07,501 - INFO - 🔍 Searching for scenarios
2026-02-04 04:57:07,523 - INFO - ✅ Selected scenario: chatscene_28
2026-02-04 04:57:07,526 - INFO - 📝 Always Generate Mode: Preparing to generate all components from scratch
2026-02-04 04:57:07,526 - INFO - 🛠️ Component Ego marked for mandatory generation
2026-02-04 04:57:07,526 - INFO - 🛠️ Component Adversarials marked for mandatory generation
2026-02-04 04:57:07,526 - INFO - 🛠️ Component Spatial Relation marked for mandatory generation
2026-02-04 04:57:07,527 - INFO - 🛠️ Component Requirement and restrictions marked for mandatory generation
2026-02-04 04:57:07,528 - INFO - 🔍 Searching better matches for 4 components: ['Ego', 'Adversarials', 'Spatial Relation', 'Requirement and restrictions']
2026-02-04 04:57:07,528 - INFO -  🛠️ Processing component: Spatial Relation
2026-02-04 04:57:07,529 - INFO - 🛠️ Processing Spatial Relation
2026-02-04 04:57:07,529 - INFO - 🛠️ Generating new Spatial Relation
2026-02-04 04:58:07,277 - INFO - ✅ Generated new component: Spatial Relation (length: 610)
2026-02-04 04:58:07,277 - INFO - ✅ Generated Spatial Relation
2026-02-04 04:58:07,278 - INFO -  🛠️ Processing component: Ego
2026-02-04 04:58:07,278 - INFO - 🛠️ Processing Ego
2026-02-04 04:58:07,278 - INFO - 🛠️ Generating new Ego
2026-02-04 04:58:31,240 - INFO - ✅ Generated new component: Ego (length: 262)
2026-02-04 04:58:31,241 - INFO - ✅ Generated Ego
2026-02-04 04:58:31,241 - INFO -  🛠️ Processing component: Adversarials
2026-02-04 04:58:31,241 - INFO - 🛠️ Generating new Adversarial 1
2026-02-04 04:59:04,762 - INFO - ✅ Generated new component: Adversarial (length: 771)
2026-02-04 04:59:04,762 - INFO - ✅ Generated Adversarial 1
2026-02-04 04:59:04,762 - INFO -  🛠️ Processing component: Requirement and restrictions
2026-02-04 04:59:04,762 - INFO - 🛠️ Processing Requirement and restrictions
2026-02-04 04:59:04,762 - INFO - 🛠️ Generating new Requirement and restrictions
2026-02-04 05:00:08,440 - INFO - ✅ Generated new component: Requirement and restrictions (length: 471)
2026-02-04 05:00:08,440 - INFO - ✅ Generated Requirement and restrictions
2026-02-04 05:00:08,441 - INFO - ✅ All components processed
2026-02-04 05:00:08,442 - INFO - 🧩 Assembling scenario by concatenating components
2026-02-04 05:00:08,443 - INFO - 🔍 Available components: ['Header', 'Spatial Relation', 'Ego', 'Adversarials', 'Requirement and restrictions']
2026-02-04 05:00:08,443 - INFO - ✅ Added Header code
2026-02-04 05:00:08,443 - INFO - ✅ Added Spatial Relation code
2026-02-04 05:00:08,443 - INFO - ✅ Added Ego code
2026-02-04 05:00:08,444 - INFO - ✅ Added Adversarials code
2026-02-04 05:00:08,444 - INFO - ✅ Added Requirement and restrictions code
2026-02-04 05:00:08,444 - INFO - ==============================
2026-02-04 05:00:08,444 - INFO - SCENARIO GENERATION SUMMARY
2026-02-04 05:00:08,444 - INFO - ==============================
2026-02-04 05:00:08,444 - INFO - Total Generation Time: 3m 19.26s
2026-02-04 05:00:08,444 - INFO - 
2026-02-04 05:00:08,445 - INFO - Component Sources:
2026-02-04 05:00:08,445 - INFO - ------------------------------
2026-02-04 05:00:08,445 - INFO -   Header                         -> GENERATED
2026-02-04 05:00:08,445 - INFO -   Ego                            -> GENERATED
2026-02-04 05:00:08,445 - INFO -   Adversarials 0                 -> GENERATED
2026-02-04 05:00:08,445 - INFO -   Spatial Relation               -> GENERATED
2026-02-04 05:00:08,445 - INFO -   Requirement and restrictions   -> GENERATED
2026-02-04 05:00:08,446 - INFO - ==============================
2026-02-04 05:00:08,449 - INFO - 📊 Generation summary written to: results\20260204_4325_the_ego_vehicle_is_turning\generation_summary.json
2026-02-04 05:00:08,449 - INFO - ✅ Scenario 034: Logs -> results\20260204_4325_the_ego_vehicle_is_turning | Status: SUCCESS
2026-02-04 05:00:08,620 - INFO - 
================================================================================
2026-02-04 05:00:08,620 - INFO - 🚀 Processing Scenario 35/40
2026-02-04 05:00:08,620 - INFO - 📝 Description: The ego vehicle is turning right; the adversarial car (positioned behind on the right) suddenly accelerates and then decelerates.
2026-02-04 05:00:08,620 - INFO - ================================================================================

2026-02-04 05:00:08,638 - INFO - Load pretrained SentenceTransformer: sentence-transformers/all-MiniLM-L6-v2
2026-02-04 05:00:10,666 - WARNING - Failed to initialize AsyncMilvusClient during Milvus initialization: <ConnectionConfigException: (code=1, message=Cannot create async connection: no running event loop. Please ensure you are running in an async context.)>. Async operations will be unavailable until AsyncMilvusClient is successfully created.
2026-02-04 05:00:10,826 - INFO - Load pretrained SentenceTransformer: sentence-transformers/all-MiniLM-L6-v2
2026-02-04 05:00:12,811 - INFO - 📊 Generation summary written to: results\20260204_4325_the_ego_vehicle_is_turning\generation_summary.json
2026-02-04 05:00:12,814 - INFO - 📁 AgentLogger initialized. Logs will be saved to: results\20260204_8251_the_ego_vehicle_is_turning
2026-02-04 05:00:17,888 - INFO - 🔍 Auto-detecting settings from user query...
2026-02-04 05:00:30,711 - INFO - ⚠️ Low confidence (0.50) in auto-detection, using defaults
2026-02-04 05:00:30,711 - INFO - 🗺️ Using default map: Town05
2026-02-04 05:00:30,711 - INFO - 🌤️ Using default weather: ClearNoon
2026-02-04 05:00:30,711 - INFO - 🚗 Using default blueprint: vehicle.lincoln.mkz_2017
2026-02-04 05:00:30,717 - INFO - 🎨 Generating Header component
2026-02-04 05:00:32,963 - INFO - 🔍 Searching for scenarios
2026-02-04 05:00:32,986 - INFO - ✅ Selected scenario: chatscene_28
2026-02-04 05:00:32,989 - INFO - 📝 Always Generate Mode: Preparing to generate all components from scratch
2026-02-04 05:00:32,989 - INFO - 🛠️ Component Ego marked for mandatory generation
2026-02-04 05:00:32,989 - INFO - 🛠️ Component Adversarials marked for mandatory generation
2026-02-04 05:00:32,990 - INFO - 🛠️ Component Spatial Relation marked for mandatory generation
2026-02-04 05:00:32,990 - INFO - 🛠️ Component Requirement and restrictions marked for mandatory generation
2026-02-04 05:00:32,992 - INFO - 🔍 Searching better matches for 4 components: ['Ego', 'Adversarials', 'Spatial Relation', 'Requirement and restrictions']
2026-02-04 05:00:32,993 - INFO -  🛠️ Processing component: Spatial Relation
2026-02-04 05:00:32,993 - INFO - 🛠️ Processing Spatial Relation
2026-02-04 05:00:32,993 - INFO - 🛠️ Generating new Spatial Relation
2026-02-04 05:00:54,618 - INFO - ✅ Generated new component: Spatial Relation (length: 655)
2026-02-04 05:00:54,618 - INFO - ✅ Generated Spatial Relation
2026-02-04 05:00:54,618 - INFO -  🛠️ Processing component: Ego
2026-02-04 05:00:54,618 - INFO - 🛠️ Processing Ego
2026-02-04 05:00:54,618 - INFO - 🛠️ Generating new Ego
2026-02-04 05:01:22,700 - INFO - ✅ Generated new component: Ego (length: 272)
2026-02-04 05:01:22,700 - INFO - ✅ Generated Ego
2026-02-04 05:01:22,700 - INFO -  🛠️ Processing component: Adversarials
2026-02-04 05:01:22,700 - INFO - 🛠️ Generating new Adversarial 1
2026-02-04 05:01:55,134 - INFO - ✅ Generated new component: Adversarial (length: 451)
2026-02-04 05:01:55,134 - INFO - ✅ Generated Adversarial 1
2026-02-04 05:01:55,134 - INFO -  🛠️ Processing component: Requirement and restrictions
2026-02-04 05:01:55,134 - INFO - 🛠️ Processing Requirement and restrictions
2026-02-04 05:01:55,134 - INFO - 🛠️ Generating new Requirement and restrictions
2026-02-04 05:02:43,201 - INFO - ✅ Generated new component: Requirement and restrictions (length: 406)
2026-02-04 05:02:43,202 - INFO - ✅ Generated Requirement and restrictions
2026-02-04 05:02:43,202 - INFO - ✅ All components processed
2026-02-04 05:02:43,203 - INFO - 🧩 Assembling scenario by concatenating components
2026-02-04 05:02:43,204 - INFO - 🔍 Available components: ['Header', 'Spatial Relation', 'Ego', 'Adversarials', 'Requirement and restrictions']
2026-02-04 05:02:43,204 - INFO - ✅ Added Header code
2026-02-04 05:02:43,205 - INFO - ✅ Added Spatial Relation code
2026-02-04 05:02:43,205 - INFO - ✅ Added Ego code
2026-02-04 05:02:43,205 - INFO - ✅ Added Adversarials code
2026-02-04 05:02:43,205 - INFO - ✅ Added Requirement and restrictions code
2026-02-04 05:02:43,205 - INFO - ==============================
2026-02-04 05:02:43,205 - INFO - SCENARIO GENERATION SUMMARY
2026-02-04 05:02:43,206 - INFO - ==============================
2026-02-04 05:02:43,206 - INFO - Total Generation Time: 2m 25.32s
2026-02-04 05:02:43,206 - INFO - 
2026-02-04 05:02:43,206 - INFO - Component Sources:
2026-02-04 05:02:43,206 - INFO - ------------------------------
2026-02-04 05:02:43,206 - INFO -   Header                         -> GENERATED
2026-02-04 05:02:43,206 - INFO -   Ego                            -> GENERATED
2026-02-04 05:02:43,207 - INFO -   Adversarials 0                 -> GENERATED
2026-02-04 05:02:43,207 - INFO -   Spatial Relation               -> GENERATED
2026-02-04 05:02:43,207 - INFO -   Requirement and restrictions   -> GENERATED
2026-02-04 05:02:43,207 - INFO - ==============================
2026-02-04 05:02:43,210 - INFO - 📊 Generation summary written to: results\20260204_8251_the_ego_vehicle_is_turning\generation_summary.json
2026-02-04 05:02:43,210 - INFO - ✅ Scenario 035: Logs -> results\20260204_8251_the_ego_vehicle_is_turning | Status: SUCCESS
2026-02-04 05:02:43,377 - INFO - 
================================================================================
2026-02-04 05:02:43,377 - INFO - 🚀 Processing Scenario 36/40
2026-02-04 05:02:43,377 - INFO - 📝 Description: The ego vehicle is approaching the intersection; the adversarial car (on the left) suddenly accelerates and enters the intersection first and suddenly stop.
2026-02-04 05:02:43,377 - INFO - ================================================================================

2026-02-04 05:02:43,397 - INFO - Load pretrained SentenceTransformer: sentence-transformers/all-MiniLM-L6-v2
2026-02-04 05:02:45,448 - WARNING - Failed to initialize AsyncMilvusClient during Milvus initialization: <ConnectionConfigException: (code=1, message=Cannot create async connection: no running event loop. Please ensure you are running in an async context.)>. Async operations will be unavailable until AsyncMilvusClient is successfully created.
2026-02-04 05:02:45,603 - INFO - Load pretrained SentenceTransformer: sentence-transformers/all-MiniLM-L6-v2
2026-02-04 05:02:47,588 - INFO - 📊 Generation summary written to: results\20260204_8251_the_ego_vehicle_is_turning\generation_summary.json
2026-02-04 05:02:47,588 - INFO - 📁 AgentLogger initialized. Logs will be saved to: results\20260204_6998_the_ego_vehicle_is_approaching
2026-02-04 05:02:53,671 - INFO - 🔍 Auto-detecting settings from user query...
2026-02-04 05:03:10,151 - INFO - 🗺️ Auto-detected map: Town05 (confidence: 0.70)
2026-02-04 05:03:10,151 - INFO -    Reasoning: The query explicitly mentions an 'intersection', which maps to Town05. No specific weather condition was detected, so it is set to null. The time of day and vehicle blueprint are set to their respective defaults ('noon' and 'vehicle.lincoln.mkz_2017') as per the detection rules.
2026-02-04 05:03:10,151 - INFO - 🚗 Auto-detected blueprint: vehicle.lincoln.mkz_2017 (confidence: 0.70)
2026-02-04 05:03:10,151 - INFO -    Reasoning: The query explicitly mentions an 'intersection', which maps to Town05. No specific weather condition was detected, so it is set to null. The time of day and vehicle blueprint are set to their respective defaults ('noon' and 'vehicle.lincoln.mkz_2017') as per the detection rules.
2026-02-04 05:03:10,151 - INFO - 🌤️ Using default weather: ClearNoon
2026-02-04 05:03:10,151 - INFO - 🎨 Generating Header component
2026-02-04 05:03:11,910 - INFO - 🔍 Searching for scenarios
2026-02-04 05:03:11,934 - INFO - ✅ Selected scenario: chatscene_31
2026-02-04 05:03:11,937 - INFO - 📝 Always Generate Mode: Preparing to generate all components from scratch
2026-02-04 05:03:11,937 - INFO - 🛠️ Component Ego marked for mandatory generation
2026-02-04 05:03:11,937 - INFO - 🛠️ Component Adversarials marked for mandatory generation
2026-02-04 05:03:11,937 - INFO - 🛠️ Component Spatial Relation marked for mandatory generation
2026-02-04 05:03:11,938 - INFO - 🛠️ Component Requirement and restrictions marked for mandatory generation
2026-02-04 05:03:11,939 - INFO - 🔍 Searching better matches for 4 components: ['Ego', 'Adversarials', 'Spatial Relation', 'Requirement and restrictions']
2026-02-04 05:03:11,940 - INFO -  🛠️ Processing component: Spatial Relation
2026-02-04 05:03:11,940 - INFO - 🛠️ Processing Spatial Relation
2026-02-04 05:03:11,940 - INFO - 🛠️ Generating new Spatial Relation
2026-02-04 05:04:51,614 - INFO - ✅ Generated new component: Spatial Relation (length: 942)
2026-02-04 05:04:51,614 - INFO - ✅ Generated Spatial Relation
2026-02-04 05:04:51,615 - INFO -  🛠️ Processing component: Ego
2026-02-04 05:04:51,615 - INFO - 🛠️ Processing Ego
2026-02-04 05:04:51,615 - INFO - 🛠️ Generating new Ego
2026-02-04 05:04:58,485 - INFO - ✅ Generated new component: Ego (length: 252)
2026-02-04 05:04:58,485 - INFO - ✅ Generated Ego
2026-02-04 05:04:58,485 - INFO -  🛠️ Processing component: Adversarials
2026-02-04 05:04:58,485 - INFO - 🛠️ Generating new Adversarial 1
2026-02-04 05:05:58,122 - INFO - ✅ Generated new component: Adversarial (length: 790)
2026-02-04 05:05:58,122 - INFO - ✅ Generated Adversarial 1
2026-02-04 05:05:58,122 - INFO -  🛠️ Processing component: Requirement and restrictions
2026-02-04 05:05:58,122 - INFO - 🛠️ Processing Requirement and restrictions
2026-02-04 05:05:58,122 - INFO - 🛠️ Generating new Requirement and restrictions
2026-02-04 05:06:44,119 - INFO - ✅ Generated new component: Requirement and restrictions (length: 420)
2026-02-04 05:06:44,119 - INFO - ✅ Generated Requirement and restrictions
2026-02-04 05:06:44,119 - INFO - ✅ All components processed
2026-02-04 05:06:44,119 - INFO - 🧩 Assembling scenario by concatenating components
2026-02-04 05:06:44,119 - INFO - 🔍 Available components: ['Header', 'Spatial Relation', 'Ego', 'Adversarials', 'Requirement and restrictions']
2026-02-04 05:06:44,119 - INFO - ✅ Added Header code
2026-02-04 05:06:44,119 - INFO - ✅ Added Spatial Relation code
2026-02-04 05:06:44,119 - INFO - ✅ Added Ego code
2026-02-04 05:06:44,119 - INFO - ✅ Added Adversarials code
2026-02-04 05:06:44,119 - INFO - ✅ Added Requirement and restrictions code
2026-02-04 05:06:44,119 - INFO - ==============================
2026-02-04 05:06:44,119 - INFO - SCENARIO GENERATION SUMMARY
2026-02-04 05:06:44,119 - INFO - ==============================
2026-02-04 05:06:44,119 - INFO - Total Generation Time: 3m 50.45s
2026-02-04 05:06:44,119 - INFO - 
2026-02-04 05:06:44,130 - INFO - Component Sources:
2026-02-04 05:06:44,130 - INFO - ------------------------------
2026-02-04 05:06:44,130 - INFO -   Header                         -> GENERATED
2026-02-04 05:06:44,130 - INFO -   Ego                            -> GENERATED
2026-02-04 05:06:44,130 - INFO -   Adversarials 0                 -> GENERATED
2026-02-04 05:06:44,130 - INFO -   Spatial Relation               -> GENERATED
2026-02-04 05:06:44,131 - INFO -   Requirement and restrictions   -> GENERATED
2026-02-04 05:06:44,131 - INFO - ==============================
2026-02-04 05:06:44,134 - INFO - 📊 Generation summary written to: results\20260204_6998_the_ego_vehicle_is_approaching\generation_summary.json
2026-02-04 05:06:44,134 - INFO - ✅ Scenario 036: Logs -> results\20260204_6998_the_ego_vehicle_is_approaching | Status: SUCCESS
2026-02-04 05:06:44,306 - INFO - 
================================================================================
2026-02-04 05:06:44,306 - INFO - 🚀 Processing Scenario 37/40
2026-02-04 05:06:44,306 - INFO - 📝 Description: The ego vehicle is approaching the intersection; the adversarial car (on the right) suddenly accelerates and enters the intersection first and suddenly stop.
2026-02-04 05:06:44,306 - INFO - ================================================================================

2026-02-04 05:06:44,321 - INFO - Load pretrained SentenceTransformer: sentence-transformers/all-MiniLM-L6-v2
2026-02-04 05:06:46,386 - WARNING - Failed to initialize AsyncMilvusClient during Milvus initialization: <ConnectionConfigException: (code=1, message=Cannot create async connection: no running event loop. Please ensure you are running in an async context.)>. Async operations will be unavailable until AsyncMilvusClient is successfully created.
2026-02-04 05:06:46,538 - INFO - Load pretrained SentenceTransformer: sentence-transformers/all-MiniLM-L6-v2
2026-02-04 05:06:48,528 - INFO - 📊 Generation summary written to: results\20260204_6998_the_ego_vehicle_is_approaching\generation_summary.json
2026-02-04 05:06:48,528 - INFO - 📁 AgentLogger initialized. Logs will be saved to: results\20260204_2496_the_ego_vehicle_is_approaching
2026-02-04 05:06:54,452 - INFO - 🔍 Auto-detecting settings from user query...
2026-02-04 05:07:05,499 - INFO - 🗺️ Auto-detected map: Town05 (confidence: 0.70)
2026-02-04 05:07:05,499 - INFO -    Reasoning: The query explicitly mentions an 'intersection', which maps to Town05. No specific weather or time of day was mentioned, so time defaults to 'noon' and weather is null. No specific vehicle model was mentioned, so the blueprint defaults to the Lincoln MKZ.
2026-02-04 05:07:05,499 - INFO - 🚗 Auto-detected blueprint: vehicle.lincoln.mkz_2017 (confidence: 0.70)
2026-02-04 05:07:05,499 - INFO -    Reasoning: The query explicitly mentions an 'intersection', which maps to Town05. No specific weather or time of day was mentioned, so time defaults to 'noon' and weather is null. No specific vehicle model was mentioned, so the blueprint defaults to the Lincoln MKZ.
2026-02-04 05:07:05,499 - INFO - 🌤️ Using default weather: ClearNoon
2026-02-04 05:07:05,504 - INFO - 🎨 Generating Header component
2026-02-04 05:07:07,039 - INFO - 🔍 Searching for scenarios
2026-02-04 05:07:07,059 - INFO - ✅ Selected scenario: chatscene_31
2026-02-04 05:07:07,062 - INFO - 📝 Always Generate Mode: Preparing to generate all components from scratch
2026-02-04 05:07:07,062 - INFO - 🛠️ Component Ego marked for mandatory generation
2026-02-04 05:07:07,062 - INFO - 🛠️ Component Adversarials marked for mandatory generation
2026-02-04 05:07:07,062 - INFO - 🛠️ Component Spatial Relation marked for mandatory generation
2026-02-04 05:07:07,063 - INFO - 🛠️ Component Requirement and restrictions marked for mandatory generation
2026-02-04 05:07:07,063 - INFO - 🔍 Searching better matches for 4 components: ['Ego', 'Adversarials', 'Spatial Relation', 'Requirement and restrictions']
2026-02-04 05:07:07,065 - INFO -  🛠️ Processing component: Spatial Relation
2026-02-04 05:07:07,065 - INFO - 🛠️ Processing Spatial Relation
2026-02-04 05:07:07,065 - INFO - 🛠️ Generating new Spatial Relation
2026-02-04 05:08:27,844 - INFO - ✅ Generated new component: Spatial Relation (length: 640)
2026-02-04 05:08:27,844 - INFO - ✅ Generated Spatial Relation
2026-02-04 05:08:27,844 - INFO -  🛠️ Processing component: Ego
2026-02-04 05:08:27,844 - INFO - 🛠️ Processing Ego
2026-02-04 05:08:27,844 - INFO - 🛠️ Generating new Ego
2026-02-04 05:08:34,957 - INFO - ✅ Generated new component: Ego (length: 206)
2026-02-04 05:08:34,957 - INFO - ✅ Generated Ego
2026-02-04 05:08:34,960 - INFO -  🛠️ Processing component: Adversarials
2026-02-04 05:08:34,960 - INFO - 🛠️ Generating new Adversarial 1
2026-02-04 05:09:38,302 - INFO - ✅ Generated new component: Adversarial (length: 718)
2026-02-04 05:09:38,302 - INFO - ✅ Generated Adversarial 1
2026-02-04 05:09:38,302 - INFO -  🛠️ Processing component: Requirement and restrictions
2026-02-04 05:09:38,302 - INFO - 🛠️ Processing Requirement and restrictions
2026-02-04 05:09:38,302 - INFO - 🛠️ Generating new Requirement and restrictions
2026-02-04 05:09:48,364 - INFO - ✅ Generated new component: Requirement and restrictions (length: 62)
2026-02-04 05:09:48,364 - INFO - ✅ Generated Requirement and restrictions
2026-02-04 05:09:48,364 - INFO - ✅ All components processed
2026-02-04 05:09:48,366 - INFO - 🧩 Assembling scenario by concatenating components
2026-02-04 05:09:48,366 - INFO - 🔍 Available components: ['Header', 'Spatial Relation', 'Ego', 'Adversarials', 'Requirement and restrictions']
2026-02-04 05:09:48,366 - INFO - ✅ Added Header code
2026-02-04 05:09:48,366 - INFO - ✅ Added Spatial Relation code
2026-02-04 05:09:48,366 - INFO - ✅ Added Ego code
2026-02-04 05:09:48,366 - INFO - ✅ Added Adversarials code
2026-02-04 05:09:48,370 - INFO - ✅ Added Requirement and restrictions code
2026-02-04 05:09:48,370 - INFO - ==============================
2026-02-04 05:09:48,370 - INFO - SCENARIO GENERATION SUMMARY
2026-02-04 05:09:48,370 - INFO - ==============================
2026-02-04 05:09:48,370 - INFO - Total Generation Time: 2m 53.92s
2026-02-04 05:09:48,370 - INFO - 
2026-02-04 05:09:48,370 - INFO - Component Sources:
2026-02-04 05:09:48,371 - INFO - ------------------------------
2026-02-04 05:09:48,371 - INFO -   Header                         -> GENERATED
2026-02-04 05:09:48,371 - INFO -   Ego                            -> GENERATED
2026-02-04 05:09:48,371 - INFO -   Adversarials 0                 -> GENERATED
2026-02-04 05:09:48,371 - INFO -   Spatial Relation               -> GENERATED
2026-02-04 05:09:48,371 - INFO -   Requirement and restrictions   -> GENERATED
2026-02-04 05:09:48,371 - INFO - ==============================
2026-02-04 05:09:48,374 - INFO - 📊 Generation summary written to: results\20260204_2496_the_ego_vehicle_is_approaching\generation_summary.json
2026-02-04 05:09:48,374 - INFO - ✅ Scenario 037: Logs -> results\20260204_2496_the_ego_vehicle_is_approaching | Status: SUCCESS
2026-02-04 05:09:48,546 - INFO - 
================================================================================
2026-02-04 05:09:48,546 - INFO - 🚀 Processing Scenario 38/40
2026-02-04 05:09:48,546 - INFO - 📝 Description: The ego vehicle is maintaining a constant speed; the adversarial car, comes from the right, blocks multiple lanes by driving extremely slowly, forcing the ego vehicle to change lanes.
2026-02-04 05:09:48,555 - INFO - ================================================================================

2026-02-04 05:09:48,567 - INFO - Load pretrained SentenceTransformer: sentence-transformers/all-MiniLM-L6-v2
2026-02-04 05:09:50,553 - WARNING - Failed to initialize AsyncMilvusClient during Milvus initialization: <ConnectionConfigException: (code=1, message=Cannot create async connection: no running event loop. Please ensure you are running in an async context.)>. Async operations will be unavailable until AsyncMilvusClient is successfully created.
2026-02-04 05:09:50,706 - INFO - Load pretrained SentenceTransformer: sentence-transformers/all-MiniLM-L6-v2
2026-02-04 05:09:52,672 - INFO - 📊 Generation summary written to: results\20260204_2496_the_ego_vehicle_is_approaching\generation_summary.json
2026-02-04 05:09:52,682 - INFO - 📁 AgentLogger initialized. Logs will be saved to: results\20260204_8774_the_ego_vehicle_is_maintaining
2026-02-04 05:09:57,570 - INFO - 🔍 Auto-detecting settings from user query...
2026-02-04 05:10:32,648 - INFO - ⚠️ Low confidence (0.50) in auto-detection, using defaults
2026-02-04 05:10:32,648 - INFO - 🗺️ Using default map: Town05
2026-02-04 05:10:32,648 - INFO - 🌤️ Using default weather: ClearNoon
2026-02-04 05:10:32,648 - INFO - 🚗 Using default blueprint: vehicle.lincoln.mkz_2017
2026-02-04 05:10:32,658 - INFO - 🎨 Generating Header component
2026-02-04 05:10:34,830 - INFO - 🔍 Searching for scenarios
2026-02-04 05:10:34,849 - INFO - ✅ Selected scenario: 39
2026-02-04 05:10:34,853 - INFO - 📝 Always Generate Mode: Preparing to generate all components from scratch
2026-02-04 05:10:34,853 - INFO - 🛠️ Component Ego marked for mandatory generation
2026-02-04 05:10:34,853 - INFO - 🛠️ Component Adversarials marked for mandatory generation
2026-02-04 05:10:34,853 - INFO - 🛠️ Component Spatial Relation marked for mandatory generation
2026-02-04 05:10:34,854 - INFO - 🛠️ Component Requirement and restrictions marked for mandatory generation
2026-02-04 05:10:34,855 - INFO - 🔍 Searching better matches for 4 components: ['Ego', 'Adversarials', 'Spatial Relation', 'Requirement and restrictions']
2026-02-04 05:10:34,856 - INFO -  🛠️ Processing component: Spatial Relation
2026-02-04 05:10:34,856 - INFO - 🛠️ Processing Spatial Relation
2026-02-04 05:10:34,856 - INFO - 🛠️ Generating new Spatial Relation
2026-02-04 05:11:10,661 - INFO - ✅ Generated new component: Spatial Relation (length: 790)
2026-02-04 05:11:10,661 - INFO - ✅ Generated Spatial Relation
2026-02-04 05:11:10,661 - INFO -  🛠️ Processing component: Ego
2026-02-04 05:11:10,661 - INFO - 🛠️ Processing Ego
2026-02-04 05:11:10,661 - INFO - 🛠️ Generating new Ego
2026-02-04 05:11:53,529 - INFO - ✅ Generated new component: Ego (length: 461)
2026-02-04 05:11:53,529 - INFO - ✅ Generated Ego
2026-02-04 05:11:53,529 - INFO -  🛠️ Processing component: Adversarials
2026-02-04 05:11:53,529 - INFO - 🛠️ Generating new Adversarial 1
2026-02-04 05:12:07,047 - INFO - ✅ Generated new component: Adversarial (length: 308)
2026-02-04 05:12:07,047 - INFO - ✅ Generated Adversarial 1
2026-02-04 05:12:07,047 - INFO -  🛠️ Processing component: Requirement and restrictions
2026-02-04 05:12:07,047 - INFO - 🛠️ Processing Requirement and restrictions
2026-02-04 05:12:07,047 - INFO - 🛠️ Generating new Requirement and restrictions
2026-02-04 05:12:51,247 - INFO - ✅ Generated new component: Requirement and restrictions (length: 587)
2026-02-04 05:12:51,247 - INFO - ✅ Generated Requirement and restrictions
2026-02-04 05:12:51,247 - INFO - ✅ All components processed
2026-02-04 05:12:51,247 - INFO - 🧩 Assembling scenario by concatenating components
2026-02-04 05:12:51,247 - INFO - 🔍 Available components: ['Header', 'Spatial Relation', 'Ego', 'Adversarials', 'Requirement and restrictions']
2026-02-04 05:12:51,247 - INFO - ✅ Added Header code
2026-02-04 05:12:51,247 - INFO - ✅ Added Spatial Relation code
2026-02-04 05:12:51,247 - INFO - ✅ Added Ego code
2026-02-04 05:12:51,247 - INFO - ✅ Added Adversarials code
2026-02-04 05:12:51,247 - INFO - ✅ Added Requirement and restrictions code
2026-02-04 05:12:51,247 - INFO - ==============================
2026-02-04 05:12:51,247 - INFO - SCENARIO GENERATION SUMMARY
2026-02-04 05:12:51,247 - INFO - ==============================
2026-02-04 05:12:51,247 - INFO - Total Generation Time: 2m 53.68s
2026-02-04 05:12:51,247 - INFO - 
2026-02-04 05:12:51,247 - INFO - Component Sources:
2026-02-04 05:12:51,247 - INFO - ------------------------------
2026-02-04 05:12:51,247 - INFO -   Header                         -> GENERATED
2026-02-04 05:12:51,247 - INFO -   Ego                            -> GENERATED
2026-02-04 05:12:51,247 - INFO -   Adversarials 0                 -> GENERATED
2026-02-04 05:12:51,247 - INFO -   Spatial Relation               -> GENERATED
2026-02-04 05:12:51,247 - INFO -   Requirement and restrictions   -> GENERATED
2026-02-04 05:12:51,247 - INFO - ==============================
2026-02-04 05:12:51,255 - INFO - 📊 Generation summary written to: results\20260204_8774_the_ego_vehicle_is_maintaining\generation_summary.json
2026-02-04 05:12:51,255 - INFO - ✅ Scenario 038: Logs -> results\20260204_8774_the_ego_vehicle_is_maintaining | Status: SUCCESS
2026-02-04 05:12:51,423 - INFO - 
================================================================================
2026-02-04 05:12:51,433 - INFO - 🚀 Processing Scenario 39/40
2026-02-04 05:12:51,433 - INFO - 📝 Description: The ego vehicle is entering the intersection; the adversarial vehicle comes from the opposite direction and turns left and stop, causing a near collision with the ego vehicle.
2026-02-04 05:12:51,433 - INFO - ================================================================================

2026-02-04 05:12:51,443 - INFO - Load pretrained SentenceTransformer: sentence-transformers/all-MiniLM-L6-v2
2026-02-04 05:12:53,504 - WARNING - Failed to initialize AsyncMilvusClient during Milvus initialization: <ConnectionConfigException: (code=1, message=Cannot create async connection: no running event loop. Please ensure you are running in an async context.)>. Async operations will be unavailable until AsyncMilvusClient is successfully created.
2026-02-04 05:12:53,658 - INFO - Load pretrained SentenceTransformer: sentence-transformers/all-MiniLM-L6-v2
2026-02-04 05:12:55,655 - INFO - 📊 Generation summary written to: results\20260204_8774_the_ego_vehicle_is_maintaining\generation_summary.json
2026-02-04 05:12:55,657 - INFO - 📁 AgentLogger initialized. Logs will be saved to: results\20260204_7890_the_ego_vehicle_is_entering
2026-02-04 05:12:59,499 - INFO - 🔍 Auto-detecting settings from user query...
2026-02-04 05:13:05,448 - INFO - 🌤️ Auto-detected weather: ClearNoon (confidence: 0.60)
2026-02-04 05:13:05,448 - INFO -    Reasoning: The query explicitly mentions an 'intersection', which maps to Town05. Weather, time of day, and vehicle model are not specified, so they default to ClearNoon and the Lincoln MKZ blueprint respectively.
2026-02-04 05:13:05,448 - INFO - 🗺️ Auto-detected map: Town05 (confidence: 0.60)
2026-02-04 05:13:05,448 - INFO -    Reasoning: The query explicitly mentions an 'intersection', which maps to Town05. Weather, time of day, and vehicle model are not specified, so they default to ClearNoon and the Lincoln MKZ blueprint respectively.
2026-02-04 05:13:05,448 - INFO - 🚗 Auto-detected blueprint: vehicle.lincoln.mkz_2017 (confidence: 0.60)
2026-02-04 05:13:05,448 - INFO -    Reasoning: The query explicitly mentions an 'intersection', which maps to Town05. Weather, time of day, and vehicle model are not specified, so they default to ClearNoon and the Lincoln MKZ blueprint respectively.
2026-02-04 05:13:05,459 - INFO - 🎨 Generating Header component
2026-02-04 05:13:07,124 - INFO - 🔍 Searching for scenarios
2026-02-04 05:13:07,143 - INFO - ✅ Selected scenario: chatscene_33
2026-02-04 05:13:07,145 - INFO - 📝 Always Generate Mode: Preparing to generate all components from scratch
2026-02-04 05:13:07,146 - INFO - 🛠️ Component Ego marked for mandatory generation
2026-02-04 05:13:07,146 - INFO - 🛠️ Component Adversarials marked for mandatory generation
2026-02-04 05:13:07,146 - INFO - 🛠️ Component Spatial Relation marked for mandatory generation
2026-02-04 05:13:07,146 - INFO - 🛠️ Component Requirement and restrictions marked for mandatory generation
2026-02-04 05:13:07,147 - INFO - 🔍 Searching better matches for 4 components: ['Ego', 'Adversarials', 'Spatial Relation', 'Requirement and restrictions']
2026-02-04 05:13:07,148 - INFO -  🛠️ Processing component: Spatial Relation
2026-02-04 05:13:07,148 - INFO - 🛠️ Processing Spatial Relation
2026-02-04 05:13:07,149 - INFO - 🛠️ Generating new Spatial Relation
2026-02-04 05:13:56,335 - INFO - ✅ Generated new component: Spatial Relation (length: 708)
2026-02-04 05:13:56,336 - INFO - ✅ Generated Spatial Relation
2026-02-04 05:13:56,336 - INFO -  🛠️ Processing component: Ego
2026-02-04 05:13:56,336 - INFO - 🛠️ Processing Ego
2026-02-04 05:13:56,336 - INFO - 🛠️ Generating new Ego
2026-02-04 05:14:05,777 - INFO - ✅ Generated new component: Ego (length: 232)
2026-02-04 05:14:05,777 - INFO - ✅ Generated Ego
2026-02-04 05:14:05,777 - INFO -  🛠️ Processing component: Adversarials
2026-02-04 05:14:05,777 - INFO - 🛠️ Generating new Adversarial 1
2026-02-04 05:14:31,393 - INFO - ✅ Generated new component: Adversarial (length: 316)
2026-02-04 05:14:31,393 - INFO - ✅ Generated Adversarial 1
2026-02-04 05:14:31,393 - INFO -  🛠️ Processing component: Requirement and restrictions
2026-02-04 05:14:31,393 - INFO - 🛠️ Processing Requirement and restrictions
2026-02-04 05:14:31,393 - INFO - 🛠️ Generating new Requirement and restrictions
2026-02-04 05:14:48,120 - INFO - ✅ Generated new component: Requirement and restrictions (length: 280)
2026-02-04 05:14:48,120 - INFO - ✅ Generated Requirement and restrictions
2026-02-04 05:14:48,120 - INFO - ✅ All components processed
2026-02-04 05:14:48,120 - INFO - 🧩 Assembling scenario by concatenating components
2026-02-04 05:14:48,120 - INFO - 🔍 Available components: ['Header', 'Spatial Relation', 'Ego', 'Adversarials', 'Requirement and restrictions']
2026-02-04 05:14:48,120 - INFO - ✅ Added Header code
2026-02-04 05:14:48,120 - INFO - ✅ Added Spatial Relation code
2026-02-04 05:14:48,120 - INFO - ✅ Added Ego code
2026-02-04 05:14:48,120 - INFO - ✅ Added Adversarials code
2026-02-04 05:14:48,120 - INFO - ✅ Added Requirement and restrictions code
2026-02-04 05:14:48,120 - INFO - ==============================
2026-02-04 05:14:48,120 - INFO - SCENARIO GENERATION SUMMARY
2026-02-04 05:14:48,120 - INFO - ==============================
2026-02-04 05:14:48,120 - INFO - Total Generation Time: 1m 48.62s
2026-02-04 05:14:48,120 - INFO - 
2026-02-04 05:14:48,120 - INFO - Component Sources:
2026-02-04 05:14:48,120 - INFO - ------------------------------
2026-02-04 05:14:48,120 - INFO -   Header                         -> GENERATED
2026-02-04 05:14:48,120 - INFO -   Ego                            -> GENERATED
2026-02-04 05:14:48,120 - INFO -   Adversarials 0                 -> GENERATED
2026-02-04 05:14:48,120 - INFO -   Spatial Relation               -> GENERATED
2026-02-04 05:14:48,120 - INFO -   Requirement and restrictions   -> GENERATED
2026-02-04 05:14:48,120 - INFO - ==============================
2026-02-04 05:14:48,129 - INFO - 📊 Generation summary written to: results\20260204_7890_the_ego_vehicle_is_entering\generation_summary.json
2026-02-04 05:14:48,129 - INFO - ✅ Scenario 039: Logs -> results\20260204_7890_the_ego_vehicle_is_entering | Status: SUCCESS
2026-02-04 05:14:48,302 - INFO - 
================================================================================
2026-02-04 05:14:48,302 - INFO - 🚀 Processing Scenario 40/40
2026-02-04 05:14:48,302 - INFO - 📝 Description: The ego vehicle is entering the intersection; the adversarial vehicle comes from the right and turns left and stop, causing a near collision with the ego vehicle.
2026-02-04 05:14:48,302 - INFO - ================================================================================

2026-02-04 05:14:48,316 - INFO - Load pretrained SentenceTransformer: sentence-transformers/all-MiniLM-L6-v2
2026-02-04 05:14:50,362 - WARNING - Failed to initialize AsyncMilvusClient during Milvus initialization: <ConnectionConfigException: (code=1, message=Cannot create async connection: no running event loop. Please ensure you are running in an async context.)>. Async operations will be unavailable until AsyncMilvusClient is successfully created.
2026-02-04 05:14:50,518 - INFO - Load pretrained SentenceTransformer: sentence-transformers/all-MiniLM-L6-v2
2026-02-04 05:14:52,547 - INFO - 📊 Generation summary written to: results\20260204_7890_the_ego_vehicle_is_entering\generation_summary.json
2026-02-04 05:14:52,547 - INFO - 📁 AgentLogger initialized. Logs will be saved to: results\20260204_5092_the_ego_vehicle_is_entering
2026-02-04 05:14:57,222 - INFO - 🔍 Auto-detecting settings from user query...
2026-02-04 05:15:13,000 - INFO - 🗺️ Auto-detected map: Town05 (confidence: 0.70)
2026-02-04 05:15:13,000 - INFO -    Reasoning: The query explicitly mentions an 'intersection', which maps to Town05 (urban). No specific weather conditions were mentioned, so weather is null. No time or vehicle models were specified, so defaults (noon and Lincoln MKZ) were used according to the detection rules.
2026-02-04 05:15:13,000 - INFO - 🚗 Auto-detected blueprint: vehicle.lincoln.mkz_2017 (confidence: 0.70)
2026-02-04 05:15:13,002 - INFO -    Reasoning: The query explicitly mentions an 'intersection', which maps to Town05 (urban). No specific weather conditions were mentioned, so weather is null. No time or vehicle models were specified, so defaults (noon and Lincoln MKZ) were used according to the detection rules.
2026-02-04 05:15:13,002 - INFO - 🌤️ Using default weather: ClearNoon
2026-02-04 05:15:13,002 - INFO - 🎨 Generating Header component
2026-02-04 05:15:15,176 - INFO - 🔍 Searching for scenarios
2026-02-04 05:15:15,198 - INFO - ✅ Selected scenario: chatscene_33
2026-02-04 05:15:15,203 - INFO - 📝 Always Generate Mode: Preparing to generate all components from scratch
2026-02-04 05:15:15,203 - INFO - 🛠️ Component Ego marked for mandatory generation
2026-02-04 05:15:15,204 - INFO - 🛠️ Component Adversarials marked for mandatory generation
2026-02-04 05:15:15,204 - INFO - 🛠️ Component Spatial Relation marked for mandatory generation
2026-02-04 05:15:15,204 - INFO - 🛠️ Component Requirement and restrictions marked for mandatory generation
2026-02-04 05:15:15,205 - INFO - 🔍 Searching better matches for 4 components: ['Ego', 'Adversarials', 'Spatial Relation', 'Requirement and restrictions']
2026-02-04 05:15:15,206 - INFO -  🛠️ Processing component: Spatial Relation
2026-02-04 05:15:15,207 - INFO - 🛠️ Processing Spatial Relation
2026-02-04 05:15:15,207 - INFO - 🛠️ Generating new Spatial Relation
2026-02-04 05:16:22,790 - INFO - ✅ Generated new component: Spatial Relation (length: 641)
2026-02-04 05:16:22,791 - INFO - ✅ Generated Spatial Relation
2026-02-04 05:16:22,791 - INFO -  🛠️ Processing component: Ego
2026-02-04 05:16:22,791 - INFO - 🛠️ Processing Ego
2026-02-04 05:16:22,791 - INFO - 🛠️ Generating new Ego
2026-02-04 05:16:37,488 - INFO - ✅ Generated new component: Ego (length: 206)
2026-02-04 05:16:37,488 - INFO - ✅ Generated Ego
2026-02-04 05:16:37,488 - INFO -  🛠️ Processing component: Adversarials
2026-02-04 05:16:37,488 - INFO - 🛠️ Generating new Adversarial 1
2026-02-04 05:16:50,234 - INFO - ✅ Generated new component: Adversarial (length: 379)
2026-02-04 05:16:50,234 - INFO - ✅ Generated Adversarial 1
2026-02-04 05:16:50,235 - INFO -  🛠️ Processing component: Requirement and restrictions
2026-02-04 05:16:50,235 - INFO - 🛠️ Processing Requirement and restrictions
2026-02-04 05:16:50,235 - INFO - 🛠️ Generating new Requirement and restrictions
2026-02-04 05:17:25,231 - INFO - ✅ Generated new component: Requirement and restrictions (length: 350)
2026-02-04 05:17:25,231 - INFO - ✅ Generated Requirement and restrictions
2026-02-04 05:17:25,232 - INFO - ✅ All components processed
2026-02-04 05:17:25,234 - INFO - 🧩 Assembling scenario by concatenating components
2026-02-04 05:17:25,236 - INFO - 🔍 Available components: ['Header', 'Spatial Relation', 'Ego', 'Adversarials', 'Requirement and restrictions']
2026-02-04 05:17:25,236 - INFO - ✅ Added Header code
2026-02-04 05:17:25,237 - INFO - ✅ Added Spatial Relation code
2026-02-04 05:17:25,237 - INFO - ✅ Added Ego code
2026-02-04 05:17:25,238 - INFO - ✅ Added Adversarials code
2026-02-04 05:17:25,238 - INFO - ✅ Added Requirement and restrictions code
2026-02-04 05:17:25,238 - INFO - ==============================
2026-02-04 05:17:25,239 - INFO - SCENARIO GENERATION SUMMARY
2026-02-04 05:17:25,239 - INFO - ==============================
2026-02-04 05:17:25,239 - INFO - Total Generation Time: 2m 28.02s
2026-02-04 05:17:25,239 - INFO - 
2026-02-04 05:17:25,239 - INFO - Component Sources:
2026-02-04 05:17:25,241 - INFO - ------------------------------
2026-02-04 05:17:25,242 - INFO -   Header                         -> GENERATED
2026-02-04 05:17:25,242 - INFO -   Ego                            -> GENERATED
2026-02-04 05:17:25,242 - INFO -   Adversarials 0                 -> GENERATED
2026-02-04 05:17:25,243 - INFO -   Spatial Relation               -> GENERATED
2026-02-04 05:17:25,243 - INFO -   Requirement and restrictions   -> GENERATED
2026-02-04 05:17:25,243 - INFO - ==============================
2026-02-04 05:17:25,247 - INFO - 📊 Generation summary written to: results\20260204_5092_the_ego_vehicle_is_entering\generation_summary.json
2026-02-04 05:17:25,247 - INFO - ✅ Scenario 040: Logs -> results\20260204_5092_the_ego_vehicle_is_entering | Status: SUCCESS
2026-02-04 05:17:25,408 - INFO - 
================================================================================
2026-02-04 05:17:25,408 - INFO - 🎉 Batch Generation Complete!
2026-02-04 05:17:25,408 - INFO - ================================================================================
2026-02-04 05:17:25,408 - INFO - ⏱️  Duration: 2:23:14.764459
2026-02-04 05:17:25,408 - INFO - 📊 Total scenarios: 40
2026-02-04 05:17:25,408 - INFO - ✅ Successful: 40
2026-02-04 05:17:25,408 - INFO - ❌ Failed: 0
2026-02-04 05:17:25,408 - INFO - 📄 Summary saved to: C:\Workspace\scenario-generation-chatbot\Benchmark_Gemini_Flash_v3\ChatScene\batch_summary.json
2026-02-04 05:17:25,408 - INFO - ================================================================================

